Time (hrs),1%,30%,50%,100%,,
1,182.6139012,185.054713,187.0073624,187.0073624,,
2,185.4247783,187.4262607,189.027438,189.027438,,
3,179.5016912,181.17814,182.5192976,182.5192976,,
4,173.3865427,174.9110344,176.1306277,176.1306277,,
5,166.5895344,168.1089175,169.3244246,169.3244246,,
6,159.8802346,161.2719425,162.3853088,162.3853088,,
7,157.856828,159.6824694,161.1429826,161.1429826,,
8,156.274782,158.5162904,160.3094971,160.3094971,,
9,152.9535669,155.8397307,158.1486617,158.1486617,,
10,151.0244716,155.0634574,158.294646,158.294646,,
11,150.357842,155.7086976,159.9893822,159.9893822,,
12,156.3520492,162.3434195,167.1365147,167.1365147,,
13,156.9879865,163.5588974,168.8156241,168.8156241,,
14,159.6157554,167.158848,173.1933233,173.1933233,,
15,162.7798728,170.2501753,176.2264172,176.2264172,,
16,171.3712817,178.8658035,184.8614209,184.8614209,,
17,177.3050226,184.4984091,190.2531183,190.2531183,,
18,181.3677216,188.2948837,193.8366134,193.8366134,,
19,182.9424724,188.7466458,193.3899845,193.3899845,,
20,183.267265,188.9809404,193.5518807,193.5518807,,
21,177.9709605,183.7123954,188.3055433,188.3055433,,
22,178.5098378,183.5602961,187.6006535,187.6006535,,
23,179.274569,183.6683556,187.1833854,187.1833854,,
24,186.9220904,190.4137956,193.2071594,193.2071594,,
25,196.7135265,199.4076004,201.5628595,201.5628595,,
26,197.6337278,199.9351173,201.7762295,201.7762295,,
27,195.129711,197.0127228,198.5191316,198.5191316,,
28,192.1816308,193.8098428,195.1124124,195.1124124,,
29,185.9374696,187.3847139,188.5425093,188.5425093,,
30,179.2063284,180.751447,181.9875418,181.9875418,,
31,172.6033217,174.1794254,175.4403078,175.4403078,,
32,170.2918588,172.6555351,174.5464762,174.5464762,,
33,167.7461913,171.2072531,173.9760954,173.9760954,,What is happening to curve? Is approximation valid?
34,170.8152063,175.0029159,178.3530836,178.3530836,,
35,174.2780875,179.434873,183.560243,183.560243,,
36,175.5298122,181.3219724,185.9557006,185.9557006,,
37,182.8770666,189.1008122,194.0798083,194.0798083,,
38,189.0443789,196.2870894,202.0812577,202.0812577,,
39,194.8395889,201.6817695,207.1555207,207.1555207,,
40,202.3461474,208.4926923,213.4099282,213.4099282,,
41,204.6936999,211.1061497,216.2361087,216.2361087,,
42,199.8814263,206.6702128,212.101242,212.101242,,
43,193.2755865,199.6029006,204.6647521,204.6647521,,
44,186.1372924,192.7424517,198.026579,198.026579,,
45,182.4146735,188.2854985,192.9821584,192.9821584,,
46,178.550233,183.59173,187.6249275,187.6249275,,
47,179.4780012,184.0171534,187.6484752,187.6484752,,
48,189.2180818,193.6604558,197.214355,197.214355,,
49,204.3622697,214.2542777,222.1678842,222.1678842,,
50,207.3568331,214.9060059,220.9453441,220.9453441,,
51,206.1897478,210.0378252,213.1162872,213.1162872,,
52,202.5952524,205.6679464,208.1261017,208.1261017,,
53,196.9004675,199.4646495,201.5159951,201.5159951,,
54,190.1225751,192.2986886,194.0395794,194.0395794,,
55,186.8180736,189.3455766,191.367579,191.367579,,
56,184.132862,187.4544991,190.1118088,190.1118088,,
57,186.7001037,190.8312743,194.1362109,194.1362109,,
58,185.1828115,190.3338392,194.4546612,194.4546612,,
59,185.8920409,191.1519605,195.3598961,195.3598961,,
60,188.9937198,194.9911686,199.7891276,199.7891276,,
61,191.414083,197.3047137,202.0172182,202.0172182,,
62,196.4701374,202.6539773,207.6010493,207.6010493,,
63,203.1717984,208.9087924,213.4983876,213.4983876,,
64,206.6571538,213.2807885,218.5796962,218.5796962,,
65,202.4848946,209.2043988,214.5800021,214.5800021,,
66,195.2033119,202.4462057,208.2405208,208.2405208,,
67,188.4465645,196.2471356,202.4875925,202.4875925,,
68,186.1613618,194.0787361,200.4126356,200.4126356,,
69,180.9728135,186.8414497,191.5363588,191.5363588,,
70,178.0346665,183.1783424,187.2932831,187.2932831,,
71,179.0488054,182.7757283,185.7572666,185.7572666,,
72,190.0169194,193.2137031,195.7711302,195.7711302,,
73,204.2468338,207.0637145,209.3172187,209.3172187,,
74,208.9372142,211.0757434,212.7865672,212.7865672,,
75,208.140742,210.0898371,211.649113,211.649113,,
76,202.3648018,204.0288106,205.3600176,205.3600176,,
77,195.2486698,196.8268705,198.0894292,198.0894292,,
78,188.2059121,189.6683136,190.8382349,190.8382349,,
79,184.3965277,187.6561122,190.2637796,190.2637796,,
80,182.588399,187.9182236,192.1820833,192.1820833,,
81,184.1317035,190.7687446,196.0783796,196.0783796,,
82,186.1158923,193.5485989,199.4947625,199.4947625,,
83,189.2225188,195.7278815,200.932172,200.932172,,
84,199.1940515,205.0431732,209.7224717,209.7224717,,
85,219.0313808,225.5760929,230.8118626,230.8118626,,
86,234.8250487,240.9701919,245.886315,245.886315,,
87,239.0296094,244.516514,248.9060345,248.9060345,,
88,235.515846,241.2676107,245.8690224,245.8690224,,
89,229.1476866,235.5243629,240.625706,240.625706,,
90,223.0654908,230.1659209,235.8462642,235.8462642,,
91,215.5164351,222.6399056,228.3386777,228.3386777,,
92,212.9875074,219.2442277,224.2496027,224.2496027,,
93,208.378216,215.047424,220.3827931,220.3827931,,
94,204.7954618,209.8214806,213.8422958,213.8422958,,
95,205.0416712,208.8153983,211.8343798,211.8343798,,
96,214.353022,217.6288026,220.2494271,220.2494271,,
97,240.3811247,242.7896318,244.7164376,244.7164376,,
98,247.7015052,249.7325858,251.3574503,251.3574503,,
99,248.4637437,249.9666158,251.1689135,251.1689135,,
100,244.6903072,246.1899347,247.3896368,247.3896368,,
101,235.2114797,236.7126468,237.9135804,237.9135804,,
102,225.9495882,227.7241635,229.1438236,229.1438236,,
103,220.8509918,223.695533,225.9711659,225.9711659,,
104,223.603059,228.224314,231.9213179,231.9213179,,
105,224.7280105,230.7405727,235.5506224,235.5506224,,
106,227.3697157,234.3602397,239.9526588,239.9526588,,
107,233.0507115,239.7873685,245.1766941,245.1766941,,
108,242.9206607,249.2649237,254.3403342,254.3403342,,
109,262.127328,268.3251708,273.283445,273.283445,,
110,276.4856454,282.1740347,286.7247462,286.7247462,,
111,273.0319944,278.5640878,282.9897625,282.9897625,,
112,263.4316272,269.9444935,275.1547864,275.1547864,,
113,252.7197935,259.0062951,264.0354964,264.0354964,,
114,241.6836823,249.447046,255.657737,255.657737,,
115,231.8004283,240.5064639,247.4712925,247.4712925,,
116,225.8822217,232.8128296,238.3573159,238.3573159,,
117,221.4768183,227.7393881,232.7494439,232.7494439,,
118,217.3386076,222.5075743,226.6427476,226.6427476,,
119,218.2384624,222.3279627,225.599563,225.599563,,
120,227.0333327,231.0616267,234.284262,234.284262,,
121,248.7842286,252.3226185,255.1533304,255.1533304,,
122,256.122256,258.7597321,260.869713,260.869713,,
123,256.9120749,258.9989963,260.6685333,260.6685333,,
124,251.7850424,253.2472955,254.4170979,254.4170979,,
125,233.3491916,234.8310318,236.0165039,236.0165039,,
126,222.3145548,224.3621272,226.0001851,226.0001851,,
127,217.948519,220.945032,223.3422425,223.3422425,,
128,229.7190516,234.8803426,239.0093754,239.0093754,,
129,230.1482239,236.232682,241.1002485,241.1002485,,
130,232.3577066,239.4642931,245.1495623,245.1495623,,
131,235.621997,241.8453706,246.8240695,246.8240695,,
132,244.0680341,251.6977678,257.8015546,257.8015546,,
133,264.9833159,271.4656889,276.6515873,276.6515873,,
134,278.0561854,284.0992126,288.9336343,288.9336343,,
135,273.8638361,279.3655949,283.7670019,283.7670019,,
136,264.8609265,270.8651812,275.6685848,275.6685848,,
137,254.1555054,260.7209324,265.9732739,265.9732739,,
138,242.5196826,250.1668991,256.2846723,256.2846723,,
139,231.3769206,239.8064988,246.5501614,246.5501614,,
140,223.8880753,231.5814591,237.7361663,237.7361663,,
141,219.8332418,226.6380128,232.0818297,232.0818297,,
142,216.3365015,221.7738273,226.1236879,226.1236879,,
143,217.725642,221.8604317,225.1682635,225.1682635,,
144,221.753881,225.3821328,228.2847342,228.2847342,,
145,238.0585393,241.384363,244.0450218,244.0450218,,
146,242.4649884,245.0809917,247.1737942,247.1737942,,
147,240.6493549,242.8325478,244.5791021,244.5791021,,
148,233.5736388,235.3341186,236.7424995,236.7424995,,
149,221.5261531,223.1601705,224.4673824,224.4673824,,
150,212.1994993,214.3885184,216.1396823,216.1396823,,
151,204.8162942,208.1280446,210.7774448,210.7774448,,
152,201.4844126,207.3918481,212.1177984,212.1177984,,
153,199.2314172,206.6985517,212.6722592,212.6722592,,
154,199.6196446,207.2510618,213.3561964,213.3561964,,
155,199.8459364,206.1432448,211.1810917,211.1810917,,
156,207.4930235,213.7329678,218.7249111,218.7249111,,
157,226.8402482,233.3062617,238.4790657,238.4790657,,
158,238.4387011,244.8686817,250.0126662,250.0126662,,
159,234.7704531,240.5963377,245.2570454,245.2570454,,
160,228.2841888,234.6065783,239.664491,239.664491,,
161,221.5911401,228.2087104,233.5027755,233.5027755,,
162,213.232115,220.4211467,226.172372,226.172372,,
163,205.6773184,214.0038983,220.6651612,220.6651612,,
164,201.234914,209.8456414,216.7342233,216.7342233,,
165,197.5205806,204.0682924,209.3064618,209.3064618,,
166,194.248923,199.4776066,203.6605535,203.6605535,,
167,194.4457741,198.2832643,201.3532533,201.3532533,,
168,200.8673024,204.3096678,207.0635599,207.0635599,,
169,212.9518667,215.3926809,217.3453275,217.3453275,,
170,215.0697431,217.0712207,218.6724028,218.6724028,,
171,211.686575,213.363027,214.7041829,214.7041829,,
172,203.6559716,205.180459,206.4000566,206.4000566,,
173,191.4102442,192.9296162,194.1451256,194.1451256,,
174,180.7618248,182.1535326,183.2668989,183.2668989,,
175,170.7651476,172.5907851,174.0512972,174.0512972,,
176,165.3358813,167.5773841,169.3705965,169.3705965,,
177,163.1561126,166.0422764,168.3512073,168.3512073,,
178,165.6154911,169.6544875,172.8856705,172.8856705,,
179,167.1972785,172.5481341,176.8288186,176.8288186,,
180,172.0474753,178.0388583,182.8319479,182.8319479,,
181,189.8333598,196.4042702,201.6610008,201.6610008,,
182,203.751736,211.294829,217.3293039,217.3293039,,
183,201.5008478,208.9711384,214.9473804,214.9473804,,
184,201.661031,209.1555868,215.1512042,215.1512042,,
185,201.8384987,209.0318839,214.7865931,214.7865931,,
186,199.8902156,206.8173804,212.3591108,212.3591108,,
187,196.4035818,202.2077551,206.8510938,206.8510938,,
188,193.175062,198.8887419,203.4596776,203.4596776,,
189,192.8979359,198.6393679,203.2325188,203.2325188,,
190,191.1635184,196.2139717,200.2543383,200.2543383,,
191,188.7326041,193.126344,196.641387,196.641387,,
192,193.520993,197.0126979,199.8060619,199.8060619,,
193,201.8541734,204.5482473,206.7035064,206.7035064,,
194,200.5006247,202.8020146,204.6431265,204.6431265,,
195,196.2851417,198.1681528,199.6745619,199.6745619,,
196,190.8619838,192.4901957,193.7927653,193.7927653,,
197,183.437511,184.8847534,186.0425488,186.0425488,,
198,176.5189342,178.0640478,179.3001476,179.3001476,,
199,167.4220474,168.9981514,170.2590352,170.2590352,,
200,170.1053507,172.4690269,174.3599679,174.3599679,,
201,167.5268286,170.9878817,173.7567241,173.7567241,,
202,168.8737382,173.061446,176.4116135,176.4116135,,
203,169.9928367,175.1496212,179.2750497,179.2750497,,
204,171.9252629,177.7174231,182.3511511,182.3511511,,
205,177.3500123,183.5737577,188.5527539,188.5527539,,
206,185.1841838,192.4268941,198.2210625,198.2210625,,
207,191.9364661,198.7786504,204.2523979,204.2523979,,
208,197.2877834,203.4343283,208.3515642,208.3515642,,
209,197.5138745,203.9263238,209.0562786,209.0562786,,
210,192.6851692,199.4739557,204.9049849,204.9049849,,
211,185.8861572,192.2134712,197.2753223,197.2753223,,
212,179.3558027,185.960962,191.245086,191.245086,,
213,175.6886105,181.5594355,186.2560955,186.2560955,,
214,173.4537005,178.4951988,182.5283954,182.5283954,,
215,174.0380884,178.5772674,182.2085625,182.2085625,,
216,181.4401733,185.8825473,189.4364464,189.4364464,,
217,203.0716205,212.9636285,220.877235,220.877235,,
218,201.3521371,208.9013099,214.9406482,214.9406482,,
219,196.5203884,200.3684658,203.4469278,203.4469278,,
220,190.9880395,194.0607335,196.5188887,196.5188887,,
221,183.5075614,186.0717434,188.123089,188.123089,,
222,176.5326657,178.7087792,180.44967,180.44967,,
223,167.5617943,170.0892973,172.1112996,172.1112996,,
224,176.2941771,179.6158142,182.2731238,182.2731238,,
225,177.1473709,181.2785416,184.5834781,184.5834781,,
226,176.3983916,181.5494192,185.6702413,185.6702413,,
227,177.7778814,183.0378009,187.2457366,187.2457366,,
228,180.4444014,186.4418502,191.2398092,191.2398092,,
229,184.6144123,190.505043,195.2175475,195.2175475,,
230,192.342371,198.5262108,203.4732828,203.4732828,,
231,201.1266898,206.8636838,211.453279,211.453279,,
232,206.6151091,213.2387437,218.5376515,218.5376515,,
233,203.2702863,209.9897905,215.3653938,215.3653938,,
234,196.3796876,203.6225814,209.4168965,209.4168965,,
235,190.3939509,198.194522,204.4349788,204.4349788,,
236,187.3331537,195.250528,201.5844274,201.5844274,,
237,183.8345638,189.7032001,194.3981091,194.3981091,,
238,181.2643418,186.4080177,190.5229584,190.5229584,,
239,182.5406899,186.2676128,189.2491511,189.2491511,,
240,191.5175404,194.7143241,197.2717511,197.2717511,,
241,224.5585084,227.3753888,229.6288932,229.6288932,,
242,258.6198544,260.7583838,262.4692074,262.4692074,,
243,260.8103345,262.7594295,264.3187055,264.3187055,,
244,255.8767096,257.5407183,258.8719253,258.8719253,,
245,249.656214,251.2344131,252.4969724,252.4969724,,
246,240.9553103,242.4177118,243.5876332,243.5876332,,
247,239.1600926,242.4196769,245.0273444,245.0273444,,
248,224.0629748,229.3927995,233.6566592,233.6566592,,
249,225.8024625,232.4395061,237.749141,237.749141,,
250,230.5942316,238.0269362,243.9730997,243.9730997,,
251,236.2959704,242.8013333,248.0056237,248.0056237,,
252,249.4270896,255.2762115,259.955509,259.955509,,
253,275.0906884,281.6354004,286.8711701,286.8711701,,
254,291.7210069,297.8661608,302.7822839,302.7822839,,
255,288.5317053,294.0186083,298.4081303,298.4081303,,
256,277.5515601,283.3033247,287.9047365,287.9047365,,
257,263.1613812,269.5380584,274.6394002,274.6394002,,
258,247.887326,254.987755,260.6680982,260.6680982,,
259,235.4231243,242.5465894,248.2453615,248.2453615,,
260,231.8513791,238.1080997,243.1134761,243.1134761,,
261,225.5549461,232.2241556,237.5595232,237.5595232,,
262,220.473606,225.499625,229.5204402,229.5204402,,
263,221.9462127,225.7199396,228.738921,228.738921,,
264,228.767167,232.0429475,234.6635719,234.6635719,,
265,225.0275595,227.4360667,229.3628724,229.3628724,,
266,259.1347441,261.1658247,262.7906892,262.7906892,,
267,261.1848136,262.6876857,263.8899834,263.8899834,,
268,256.083428,257.5830555,258.7827576,258.7827576,,
269,249.6949997,251.1961668,252.3971005,252.3971005,,
270,240.8822627,242.6568379,244.0764981,244.0764981,,
271,238.6922333,241.5367745,243.8124074,243.8124074,,
272,239.7385087,244.3597637,248.0567676,248.0567676,,
273,239.5983622,245.6109244,250.4209741,250.4209741,,
274,241.7460567,248.7365806,254.3289998,254.3289998,,
275,243.3036531,250.0403101,255.4296357,255.4296357,,
276,253.0729506,259.4172137,264.492624,264.492624,,
277,273.1796281,279.3774709,284.3357451,284.3357451,,
278,286.0954414,291.7838307,296.3345422,296.3345422,,
279,279.3967837,284.928877,289.3545518,289.3545518,,
280,262.5677281,269.0805943,274.2908873,274.2908873,,
281,243.9993205,250.285822,255.3150233,255.3150233,,
282,230.4090345,238.1723982,244.3830891,244.3830891,,
283,219.6473017,228.3533374,235.3181659,235.3181659,,
284,213.2059559,220.1365637,225.68105,225.68105,,
285,209.4620145,215.7245843,220.7346401,220.7346401,,
286,203.8861734,209.0551402,213.1903136,213.1903136,,
287,200.8825608,204.9720612,208.2436614,208.2436614,,
288,207.9346885,211.9629825,215.1856178,215.1856178,,
289,225.0858429,228.6242328,231.4549447,231.4549447,,
290,231.9479135,234.5853895,236.6953704,236.6953704,,
291,233.5709091,235.6578304,237.3273675,237.3273675,,
292,231.3541105,232.8163636,233.9861656,233.9861656,,
293,222.2882496,223.7700897,224.9555618,224.9555618,,
294,211.3342995,213.3818719,215.0199298,215.0199298,,
295,208.5128338,211.5093468,213.9065572,213.9065572,,
296,209.9711366,215.1324275,219.2614603,219.2614603,,
297,210.8655934,216.9500515,221.817618,221.817618,,
298,214.5899905,221.696577,227.3818462,227.3818462,,
299,219.1440499,225.3674236,230.3461225,230.3461225,,
300,230.5339756,238.1637092,244.2674961,244.2674961,,
301,253.5062132,259.9885862,265.1744847,265.1744847,,
302,269.3494503,275.3924774,280.2268992,280.2268992,,
303,263.9075409,269.4092997,273.8107067,273.8107067,,
304,248.9573288,254.9615834,259.7649871,259.7649871,,
305,233.1238434,239.6892704,244.9416119,244.9416119,,
306,220.360667,228.0078834,234.1256567,234.1256567,,
307,212.7115586,221.1411369,227.8847994,227.8847994,,
308,207.3755498,215.0689337,221.2236408,221.2236408,,
309,203.1261045,209.9308755,215.3746924,215.3746924,,
310,199.3592428,204.7965686,209.1464292,209.1464292,,
311,198.112233,202.2470227,205.5548545,205.5548545,,
312,206.0533967,209.6816485,212.5842499,212.5842499,,
313,226.738777,230.0646006,232.7252595,232.7252595,,
314,235.3459369,237.9619402,240.0547428,240.0547428,,
315,238.2236697,240.4068626,242.1534169,242.1534169,,
316,236.0349566,237.7954348,239.2038173,239.2038173,,
317,228.4407164,230.0747327,231.3819456,231.3819456,,
318,218.9400697,221.1290603,222.8802527,222.8802527,,
319,215.3178197,218.62957,221.2789703,221.2789703,,
320,214.6504816,220.5579182,225.2838674,225.2838674,,
321,216.0104981,223.4776326,229.4513401,229.4513401,,
322,218.9705609,226.6019786,232.7071127,232.7071127,,
323,223.2877467,229.5850552,234.622902,234.622902,,
324,237.0330441,243.2729817,248.2649318,248.2649318,,
325,260.0402969,266.5063066,271.6791144,271.6791144,,
326,273.3816313,279.8116119,284.9555964,284.9555964,,
327,268.1090062,273.9348908,278.5955984,278.5955984,,
328,253.8594688,260.1818589,265.2397709,265.2397709,,
329,236.4932227,243.1107979,248.4048581,248.4048581,,
330,220.7184021,227.9074338,233.6586591,233.6586591,,
331,208.1686605,216.4952399,223.1565033,223.1565033,,
332,202.3329678,210.9436952,217.8322771,217.8322771,,
333,198.1136608,204.6613725,209.8995419,209.8995419,,
334,195.5626306,200.7913142,204.974261,204.974261,,
335,197.2215158,201.0590042,204.128995,204.128995,,
336,201.4611531,204.9035184,207.6574106,207.6574106,,
337,216.8108493,219.2516611,221.2043106,221.2043106,,
338,222.06293,224.0644076,225.6655897,225.6655897,,
339,221.6113008,223.2877496,224.6289087,224.6289087,,
340,216.4652941,217.9897858,219.2093791,219.2093791,,
341,206.3251306,207.8445141,209.0600209,209.0600209,,
342,197.4969373,198.8886451,200.0020114,200.0020114,,
343,188.9890189,190.8146603,192.2751735,192.2751735,,
344,184.5512132,186.7927216,188.5859283,188.5859283,,
345,182.12968,185.0158438,187.3247747,187.3247747,,
346,181.7930433,185.832029,189.0632177,189.0632177,,
347,184.402965,189.7538207,194.0345052,194.0345052,,
348,193.4880706,199.4794409,204.2725371,204.2725371,,
349,209.6672952,216.238206,221.4949346,221.4949346,,
350,223.1128817,230.655975,236.6904496,236.6904496,,
351,221.9529921,229.4232945,235.3995365,235.3995365,,
352,221.032992,228.5275124,234.5231312,234.5231312,,
353,220.5010718,227.6944584,233.4491676,233.4491676,,
354,217.9424993,224.8696603,230.4113911,230.4113911,,
355,212.4103622,218.2145355,222.8578742,222.8578742,,
356,206.7636146,212.4772899,217.0482302,217.0482302,,
357,200.6398836,206.3813192,210.9744671,210.9744671,,
358,197.2051584,202.2556166,206.2959832,206.2959832,,
359,197.1430523,201.5368411,205.0518704,205.0518704,,
360,199.011563,202.5032679,205.2966319,205.2966319,,
361,207.8372889,210.5313628,212.686622,212.686622,,
362,206.9777696,209.2791595,211.1202714,211.1202714,,
363,202.5818522,204.4648636,205.9712727,205.9712727,,
364,197.940716,199.568938,200.8715075,200.8715075,,
365,189.2619049,190.7091566,191.8669527,191.8669527,,
366,179.2386433,180.7837618,182.0198567,182.0198567,,
367,174.0589951,175.6350964,176.8959791,176.8959791,,
368,171.6284883,173.9921646,175.8831128,175.8831128,,
369,169.5596058,173.0206556,175.7894978,175.7894978,,
370,168.5679741,172.7556899,176.1058581,176.1058581,,
371,167.9680575,173.1248435,177.2502719,177.2502719,,
372,170.6391097,176.4312111,181.0649392,181.0649392,,
373,174.3968665,180.6206119,185.5996082,185.5996082,,
374,184.1142558,191.3569649,197.1511291,197.1511291,,
375,191.7565022,198.5986866,204.072434,204.072434,,
376,194.6546489,200.8011938,205.7184298,205.7184298,,
377,192.165223,198.5776726,203.7076489,203.7076489,,
378,186.7708679,193.5596544,198.9906853,198.9906853,,
379,179.4543642,185.7816782,190.8435294,190.8435294,,
380,173.2477165,179.8528699,185.1369974,185.1369974,,
381,169.5216328,175.3924593,180.0891192,180.0891192,,
382,168.78472,173.8262082,177.8594061,177.8594061,,
383,169.1062845,173.6454365,177.2767583,177.2767583,,
384,174.3265599,178.7689339,182.3228332,182.3228332,,
385,189.6159426,199.5079497,207.4215574,207.4215574,,
386,192.4262309,199.9754039,206.014742,206.014742,,
387,191.6391622,195.4872393,198.5657012,198.5657012,,
388,189.525618,192.5983115,195.0564545,195.0564545,,
389,184.2741557,186.8383377,188.8896832,188.8896832,,
390,176.974934,179.1510475,180.8919383,180.8919383,,
391,174.5530475,177.0805506,179.102553,179.102553,,
392,171.1305304,174.4521688,177.1094786,177.1094786,,
393,170.2103462,174.3415166,177.6464532,177.6464532,,
394,170.1740438,175.32507,179.4458921,179.4458921,,
395,172.0742197,177.3341368,181.5420725,181.5420725,,
396,174.1741036,180.1715524,184.9695115,184.9695115,,
397,179.8846657,185.7752954,190.4877999,190.4877999,,
398,190.0466571,196.2304949,201.1775668,201.1775668,,
399,200.4689621,206.2059547,210.7955499,210.7955499,,
400,207.1099901,213.7336246,219.0325323,219.0325323,,
401,203.5350078,210.2545119,215.6301153,215.6301153,,
402,196.1430993,203.3859928,209.1803082,209.1803082,,
403,190.2284153,198.0289838,204.2694407,204.2694407,,
404,185.8201509,193.7375253,200.0714248,200.0714248,,
405,183.7223653,189.5910016,194.2859097,194.2859097,,
406,181.6429123,186.7865894,190.9015301,190.9015301,,
407,183.1115467,186.8384697,189.820008,189.820008,,
408,190.2900324,193.4868147,196.0442417,196.0442417,,
409,209.7775122,212.5943926,214.8478969,214.8478969,,
410,217.3064344,219.4449639,221.1557875,221.1557875,,
411,219.8346357,221.7837307,223.3430067,223.3430067,,
412,218.8736213,220.5376301,221.868837,221.868837,,
413,214.3536675,215.9318667,217.194426,217.194426,,
414,207.8585038,209.3209054,210.4908267,210.4908267,,
415,206.6829304,209.9425147,212.5501821,212.5501821,,
416,209.0220195,214.3518441,218.6157038,218.6157038,,
417,210.6188512,217.2558948,222.5655296,222.5655296,,
418,211.8308898,219.2635943,225.209758,225.209758,,
419,216.3165234,222.8218863,228.0261766,228.0261766,,
420,224.5753759,230.4244978,235.1037952,235.1037952,,
421,240.4107979,246.95551,252.1912796,252.1912796,,
422,254.4286982,260.5738521,265.4899752,265.4899752,,
423,259.3042917,264.7911945,269.1807167,269.1807167,,
424,257.3918004,263.1435651,267.7449768,267.7449768,,
425,250.1912014,256.5678787,261.6692205,261.6692205,,
426,244.3028785,251.4033075,257.0836507,257.0836507,,
427,236.5687271,243.6921922,249.3909643,249.3909643,,
428,230.5094079,236.7661286,241.771505,241.771505,,
429,225.6715212,232.3407307,237.6760983,237.6760983,,
430,222.5305587,227.5565777,231.5773929,231.5773929,,
431,224.6126967,228.3864235,231.4054052,231.4054052,,
432,235.6943479,238.9701284,241.5907529,241.5907529,,
433,254.1404715,256.5489787,258.4757844,258.4757844,,
434,266.0313922,268.0624728,269.6873373,269.6873373,,
435,269.0155459,270.5184182,271.7207158,271.7207158,,
436,264.5713529,266.0709805,267.2706825,267.2706825,,
437,254.9702724,256.4714395,257.6723732,257.6723732,,
438,247.4420236,249.2165989,250.636259,250.636259,,
439,263.3812627,266.2258038,268.5014368,268.5014368,,
440,246.1293564,250.7506115,254.4476154,254.4476154,,
441,248.0276928,254.040255,258.8503048,258.8503048,,
442,247.0832489,254.0737728,259.6661919,259.6661919,,
443,253.8184055,260.5550625,265.9443881,265.9443881,,
444,267.9122382,274.2565012,279.3319117,279.3319117,,
445,290.5366082,296.734451,301.6927252,301.6927252,,
446,305.7868791,311.4752684,316.0259798,316.0259798,,
447,299.9875726,305.519666,309.9453407,309.9453407,,
448,287.9005801,294.4134463,299.6237394,299.6237394,,
449,274.9486621,281.2351636,286.2643649,286.2643649,,
450,261.8759771,269.6393408,275.8500318,275.8500318,,
451,249.4430485,258.1490842,265.1139127,265.1139127,,
452,240.2021637,247.1327715,252.6772578,252.6772578,,
453,232.5999807,238.8625505,243.8726063,243.8726063,,
454,231.1609199,236.3298866,240.46506,240.46506,,
455,231.8084994,235.8979997,239.1696,239.1696,,
456,236.8681348,240.8964287,244.1190639,244.1190639,,
457,256.8345333,260.3729232,263.2036351,263.2036351,,
458,268.3401764,270.9776525,273.0876334,273.0876334,,
459,269.1886876,271.2756091,272.9451462,272.9451462,,
460,263.4162576,264.8785107,266.0483132,266.0483132,,
461,255.3041628,256.7860029,257.9714751,257.9714751,,
462,241.2873593,243.3349318,244.9729897,244.9729897,,
463,233.1072523,236.1037653,238.5009757,238.5009757,,
464,236.7304558,241.8917467,246.0207795,246.0207795,,
465,236.2463881,242.3308462,247.1984127,247.1984127,,
466,235.2883193,242.3949058,248.080175,248.080175,,
467,234.8562578,241.0796315,246.0583304,246.0583304,,
468,245.1108287,252.7405623,258.8443492,258.8443492,,
469,264.5866561,271.0690292,276.2549276,276.2549276,,
470,275.5095135,281.5525406,286.3869624,286.3869624,,
471,269.6047252,275.106484,279.507891,279.507891,,
472,259.6226792,265.6269338,270.4303375,270.4303375,,
473,250.4558262,257.0212531,262.2735946,262.2735946,,
474,240.9873831,248.6345996,254.7523728,254.7523728,,
475,231.5910672,240.0206454,246.764308,246.764308,,
476,228.1208532,235.8142371,241.9689442,241.9689442,,
477,225.0151148,231.8198859,237.2637027,237.2637027,,
478,223.5554307,228.9927564,233.3426171,233.3426171,,
479,225.6645316,229.7993213,233.1071531,233.1071531,,
480,233.9373021,237.5655539,240.4681553,240.4681553,,
481,245.1148722,248.4406958,251.1013566,251.1013566,,
482,245.4384063,248.0544096,250.1472064,250.1472064,,
483,241.4197134,243.6029063,245.3494606,245.3494606,,
484,232.7144486,234.4749268,235.8833093,235.8833093,,
485,219.2082379,220.8422541,222.1494676,222.1494676,,
486,208.3116289,210.5006194,212.2518119,212.2518119,,
487,197.9048892,201.2166396,203.8660398,203.8660398,,
488,194.5470279,200.4544644,205.1804137,205.1804137,,
489,194.9715515,202.4386859,208.4123936,208.4123936,,
490,194.6182775,202.2496952,208.3548251,208.3548251,,
491,196.1174023,202.4147108,207.4525576,207.4525576,,
492,203.7514281,209.9913657,214.9833201,214.9833201,,
493,222.4832687,228.9492785,234.1220862,234.1220862,,
494,235.0117043,241.4416849,246.5856636,246.5856636,,
495,231.106608,236.9324926,241.5932001,241.5932001,,
496,227.1714964,233.4938865,238.5517986,238.5517986,,
497,224.5312631,231.1488385,236.442898,236.442898,,
498,221.6765647,228.8655963,234.6168125,234.6168125,,
499,218.3480221,226.6746015,233.3358188,233.3358188,,
500,215.8734214,224.4841488,231.3727311,231.3727311,,
501,213.1825548,219.7302665,224.9684359,224.9684359,,
502,210.1894549,215.4181386,219.6010854,219.6010854,,
503,210.278933,214.1164214,217.1863671,217.1863671,,
504,217.0767897,220.519155,223.2730457,223.2730457,,
505,227.3482243,229.7890361,231.7416856,231.7416856,,
506,228.7685207,230.7699985,232.3711806,232.3711806,,
507,225.3982432,227.0746921,228.4158511,228.4158511,,
508,217.336352,218.8608437,220.080437,220.080437,,
509,205.5239861,207.0433696,208.2588764,208.2588764,,
510,194.4495508,195.8412585,196.9546249,196.9546249,,
511,187.2685863,189.094231,190.5547442,190.5547442,,
512,183.65629,185.8977967,187.6910035,187.6910035,,
513,181.141084,184.027246,186.336177,186.336177,,
514,181.0951933,185.1341798,188.3653684,188.3653684,,
515,183.3292542,188.6801077,192.9607923,192.9607923,,
516,191.638676,197.6300463,202.4231425,202.4231425,,
517,207.5763826,214.1472943,219.4040229,219.4040229,,
518,221.9901362,229.5332303,235.5677049,235.5677049,,
519,222.8294707,230.2997731,236.2760151,236.2760151,,
520,225.4178806,232.9124024,238.9080198,238.9080198,,
521,227.5682192,234.7616057,240.5163149,240.5163149,,
522,228.3900188,235.317181,240.8589107,240.8589107,,
523,227.6921873,233.4963607,238.1396994,238.1396994,,
524,228.4047227,234.1183981,238.6893384,238.6893384,,
525,228.6205344,234.3619678,238.9551157,238.9551157,,
526,230.1127128,235.1631713,239.2035379,239.2035379,,
527,234.4020527,238.7958394,242.3108687,242.3108687,,
528,244.2708607,247.7625656,250.5559296,250.5559296,,
529,256.012858,258.7069319,260.862191,260.862191,,
530,257.2713303,259.5727202,261.4138321,261.4138321,,
531,254.4811976,256.364209,257.8706183,257.8706183,,
532,249.3904179,251.0186299,252.3211995,252.3211995,,
533,242.4081334,243.8553776,245.013173,245.013173,,
534,234.5599296,236.1050482,237.341143,237.341143,,
535,232.394791,233.9708943,235.231777,235.231777,,
536,230.9600757,233.323752,235.2146929,235.2146929,,
537,230.924076,234.385129,237.1539713,237.1539713,,
538,233.5564324,237.744142,241.0943097,241.0943097,,
539,237.3067235,242.463509,246.5889374,246.5889374,,
540,243.9922517,249.7844119,254.4181401,254.4181401,,
541,248.0124107,254.2361561,259.2151524,259.2151524,,
542,257.4188608,264.6615712,270.4557395,270.4557395,,
543,266.011008,272.8531923,278.3269398,278.3269398,,
544,274.5093287,280.6558736,285.5731095,285.5731095,,
545,278.0592988,284.4717481,289.6017075,289.6017075,,
546,274.217235,281.0060215,286.4370506,286.4370506,,
547,267.6791167,274.0064309,279.0682821,279.0682821,,
548,257.5926661,264.1978253,269.4819527,269.4819527,,
549,248.7885527,254.6593777,259.3560377,259.3560377,,
550,242.8196209,247.8611179,251.8943154,251.8943154,,
551,244.1941094,248.7332616,252.3645833,252.3645833,,
552,252.628376,257.0707499,260.6246492,260.6246492,,
553,265.5385662,275.4305742,283.3441807,283.3441807,,
554,270.6808459,278.2300187,284.269357,284.269357,,
555,270.6029284,274.451006,277.5294679,277.5294679,,
556,267.8067427,270.8794368,273.337592,273.337592,,
557,261.6447703,264.2089523,266.2602979,266.2602979,,
558,255.7901963,257.9663098,259.7072006,259.7072006,,
559,252.3482617,254.8757647,256.8977671,256.8977671,,
560,254.5556908,257.8773279,260.5346375,260.5346375,,
561,253.8139567,257.9451275,261.2500639,261.2500639,,
562,255.7611707,260.9121983,265.0330204,265.0330204,,
563,256.5990652,261.8589848,266.0669204,266.0669204,,
564,257.6743346,263.6717834,268.4697424,268.4697424,,
565,267.0049611,272.8955918,277.6080963,277.6080963,,
566,276.1333091,282.317149,287.2642209,287.2642209,,
567,282.3166197,288.0536137,292.6432088,292.6432088,,
568,275.5278791,282.1515138,287.4504215,287.4504215,,
569,259.3061202,266.0256243,271.4012276,271.4012276,,
570,240.1632002,247.406094,253.2004091,253.2004091,,
571,224.1064562,231.9070273,238.1474841,238.1474841,,
572,212.0170913,219.9344657,226.2683651,226.2683651,,
573,201.1319877,207.0006241,211.6955331,211.6955331,,
574,194.8907615,200.0344374,204.1493781,204.1493781,,
575,193.9711052,197.6980281,200.6795664,200.6795664,,
576,201.4722132,204.668997,207.226424,207.226424,,
577,222.554571,225.3714514,227.6249557,227.6249557,,
578,236.576398,238.7149275,240.4257511,240.4257511,,
579,240.9694265,242.9185215,244.4777975,244.4777975,,
580,240.0413959,241.7054046,243.0366116,243.0366116,,
581,234.6071685,236.1853676,237.447927,237.447927,,
582,225.581877,227.0442786,228.2141999,228.2141999,,
583,221.9041892,225.1637735,227.771441,227.771441,,
584,220.9679566,226.2977812,230.5616409,230.5616409,,
585,222.238822,228.8758656,234.1855004,234.1855004,,
586,226.4061197,233.8388242,239.7849878,239.7849878,,
587,234.3846768,240.8900397,246.09433,246.09433,,
588,248.730045,254.5791668,259.2584643,259.2584643,,
589,272.1418915,278.6866035,283.9223732,283.9223732,,
590,285.714805,291.8599589,296.776082,296.776082,,
591,279.2987457,284.7856485,289.1751707,289.1751707,,
592,262.7903906,268.5421552,273.1435669,273.1435669,,
593,244.6191752,250.9958524,256.0971942,256.0971942,,
594,229.3353626,236.4357916,242.1161348,242.1161348,,
595,216.3340926,223.4575577,229.1563297,229.1563297,,
596,207.5112595,213.7679801,218.7733565,218.7733565,,
597,199.8614085,206.530618,211.8659856,211.8659856,,
598,194.4983533,199.5243723,203.5451875,203.5451875,,
599,193.5853781,197.359105,200.3780866,200.3780866,,
600,199.6079116,202.8836921,205.5043165,205.5043165,,
601,218.441347,220.8498546,222.7766603,222.7766603,,
602,226.8448744,228.8759557,230.5008202,230.5008202,,
603,225.572987,227.0758591,228.2781568,228.2781568,,
604,219.4024217,220.9020492,222.1017512,222.1017512,,
605,209.0453194,210.5464865,211.7474202,211.7474202,,
606,197.2535898,199.028165,200.4478252,200.4478252,,
607,189.3571485,192.2016896,194.4773225,194.4773225,,
608,185.0594208,189.6806758,193.3776797,193.3776797,,
609,184.2845783,190.2971406,195.1071904,195.1071904,,
610,184.5387477,191.5292716,197.1216907,197.1216907,,
611,187.828197,194.564854,199.9541797,199.9541797,,
612,198.944693,205.2889566,210.3643671,210.3643671,,
613,218.0408781,224.2387209,229.1969951,229.1969951,,
614,230.9758248,236.6642141,241.2149255,241.2149255,,
615,226.2049791,231.7370725,236.1627473,236.1627473,,
616,219.7839052,226.2967714,231.5070644,231.5070644,,
617,213.9475518,220.2340534,225.2632546,225.2632546,,
618,208.3402067,216.1035706,222.3142615,222.3142615,,
619,202.8076458,211.5136815,218.47851,218.47851,,
620,198.0540017,204.9846096,210.5290958,210.5290958,,
621,194.0767523,200.3393221,205.3493779,205.3493779,,
622,191.3638095,196.5327762,200.6679496,200.6679496,,
623,193.1732455,197.2627458,200.5343461,200.5343461,,
624,200.8503439,204.8786379,208.1012731,208.1012731,,
625,213.1868408,216.7252307,219.5559426,219.5559426,,
626,215.984832,218.6223081,220.7322891,220.7322891,,
627,212.6098627,214.6967841,216.3663212,216.3663212,,
628,205.2424628,206.7047158,207.8745184,207.8745184,,
629,194.4603319,195.942172,197.1276442,197.1276442,,
630,182.1159692,184.1635416,185.8015996,185.8015996,,
631,174.399224,177.395737,179.7929474,179.7929474,,
632,170.8337201,175.995011,180.1240438,180.1240438,,
633,171.3311847,177.4156428,182.2832094,182.2832094,,
634,171.7551355,178.861722,184.5469912,184.5469912,,
635,174.8642776,181.0876512,186.0663501,186.0663501,,
636,183.8096241,191.4393577,197.5431446,197.5431446,,
637,202.51827,209.0006431,214.1865415,214.1865415,,
638,215.6157222,221.6587494,226.4931711,226.4931711,,
639,215.5566186,221.0583774,225.4597844,225.4597844,,
640,215.4273724,221.431627,226.2350307,226.2350307,,
641,213.5639438,220.1293707,225.3817123,225.3817123,,
642,214.1846142,221.8318307,227.9496038,227.9496038,,
643,213.2439593,221.6735375,228.4172,228.4172,,
644,208.8726751,216.566059,222.7207662,222.7207662,,
645,206.9565703,213.7613414,219.2051582,219.2051582,,
646,205.0581689,210.4954947,214.8453553,214.8453553,,
647,207.1174655,211.2522554,214.5600871,214.5600871,,
648,209.7184601,213.3467118,216.2493133,216.2493133,,
649,223.5393316,226.8651544,229.5258141,229.5258141,,
650,229.0299622,231.6459654,233.738768,233.738768,,
651,227.7808267,229.9640223,231.710574,231.710574,,
652,221.0902741,222.8507523,224.2591349,224.2591349,,
653,211.0411812,212.6751975,213.9824105,213.9824105,,
654,201.383354,203.5723445,205.3235369,205.3235369,,
655,194.1501304,197.4618784,200.111281,200.111281,,
656,191.6465895,197.5540301,202.2799753,202.2799753,,
657,191.8302017,199.2973361,205.2710437,205.2710437,,
658,192.5624864,200.193904,206.2990382,206.2990382,,
659,194.6747876,200.9720961,206.0099429,206.0099429,,
660,201.6431465,207.8830841,212.8750341,212.8750341,,
661,222.171118,228.6371268,233.8099355,233.8099355,,
662,237.2804784,243.710459,248.8544434,248.8544434,,
663,235.3769996,241.2028842,245.8635919,245.8635919,,
664,233.7644097,240.086825,245.1447119,245.1447119,,
665,228.5269539,235.1445296,240.4385893,240.4385893,,
666,221.7765659,228.9655606,234.7168229,234.7168229,,
667,214.7049613,223.0315406,229.6928041,229.6928041,,
668,212.5318159,221.1425395,228.0311253,228.0311253,,
669,207.3581163,213.9058281,219.1439974,219.1439974,,
670,204.9775439,210.206228,214.3891745,214.3891745,,
671,205.2440236,209.0815121,212.1515028,212.1515028,,
672,207.398068,210.8404043,213.5943255,213.5943255,,
673,221.2806917,223.7215035,225.674153,225.674153,,
674,230.3969552,232.3984328,233.9996149,233.9996149,,
675,231.1087209,232.7851698,234.1263289,234.1263289,,
676,226.4973731,228.0218648,229.2414581,229.2414581,,
677,218.5516932,220.0710767,221.2865835,221.2865835,,
678,208.6526588,210.0443667,211.1577331,211.1577331,,
679,203.1313565,204.956998,206.4175111,206.4175111,,
680,204.032684,206.2741923,208.0673991,208.0673991,,
681,204.3425828,207.2287466,209.5376776,209.5376776,,
682,206.4527003,210.4916861,213.7228747,213.7228747,,
683,211.595823,216.9466786,221.2273632,221.2273632,,
684,219.4593739,225.4507442,230.2438404,230.2438404,,
685,240.6918088,247.2627196,252.5194482,252.5194482,,
686,254.7780853,262.3211786,268.3556532,268.3556532,,
687,249.3193235,256.7896259,262.7658679,262.7658679,,
688,234.9695384,242.4640602,248.4596776,248.4596776,,
689,221.0522396,228.2456261,234.0003353,234.0003353,,
690,207.528487,214.4556492,219.9973789,219.9973789,,
691,195.879504,201.6836773,206.327016,206.327016,,
692,188.8334796,194.547155,199.1180952,199.1180952,,
693,187.3651834,193.1066183,197.6997663,197.6997663,,
694,182.8846173,187.9350756,191.9754422,191.9754422,,
695,182.128619,186.5224056,190.0374349,190.0374349,,
696,185.9491188,189.4408237,192.2341877,192.2341877,,
697,197.3944206,200.0884946,202.2437537,202.2437537,,
698,205.0180769,207.3194668,209.1605787,209.1605787,,
699,206.1003731,207.9833845,209.4897937,209.4897937,,
700,205.2338885,206.8621004,208.16467,208.16467,,
701,201.18893,202.6361742,203.7939697,203.7939697,,
702,194.8863162,196.4314347,197.6675296,197.6675296,,
703,189.4857859,191.0618893,192.322772,192.322772,,
704,189.5567448,191.920421,193.811362,193.811362,,
705,190.7483404,194.2093934,196.9782357,196.9782357,,
706,191.650654,195.8383636,199.1885313,199.1885313,,
707,197.3933479,202.5501334,206.6755618,206.6755618,,
708,205.31791,211.1100702,215.7437984,215.7437984,,
709,213.4430501,219.6667954,224.6457917,224.6457917,,
710,223.842626,231.0853365,236.8795048,236.8795048,,
711,228.3375793,235.1797636,240.6535112,240.6535112,,
712,220.4548254,226.6013702,231.5186062,231.5186062,,
713,206.1088521,212.5213014,217.6512609,217.6512609,,
714,192.6223837,199.4111702,204.8421994,204.8421994,,
715,180.9782769,187.3055909,192.3674423,192.3674423,,
716,174.9282677,181.533427,186.8175544,186.8175544,,
717,171.3940835,177.2649085,181.9615685,181.9615685,,
718,167.3903561,172.431853,176.4650506,176.4650506,,
719,164.0873134,168.6264656,172.2577873,172.2577873,,
720,165.5345012,169.9768752,173.5307744,173.5307744,,
721,178.8091817,188.7011898,196.6147962,196.6147962,,
722,184.1658584,191.7150312,197.7543694,197.7543694,,
723,183.4075259,187.2556033,190.3340653,190.3340653,,
724,180.569888,183.642582,186.1007373,186.1007373,,
725,176.0656386,178.6298206,180.6811662,180.6811662,,
726,171.4149624,173.591076,175.3319668,175.3319668,,
727,165.1062173,167.6337203,169.6557227,169.6557227,,
728,163.8980377,167.2196748,169.8769844,169.8769844,,
729,162.7517523,166.8829253,170.1878595,170.1878595,,
730,163.1372814,168.288309,172.4091311,172.4091311,,
731,165.1099976,170.3699169,174.5778526,174.5778526,,
732,166.8244633,172.8219121,177.6198712,177.6198712,,
733,171.7278903,177.6185209,182.3310255,182.3310255,,
734,176.9807876,183.1646275,188.1116995,188.1116995,,
735,183.5264664,189.263459,193.8530555,193.8530555,,
736,186.9345607,193.5581953,198.8571031,198.8571031,,
737,183.0841249,189.803629,195.1792323,195.1792323,,
738,175.8354765,183.0783704,188.8726854,188.8726854,,
739,172.1625826,179.9631537,186.2036106,186.2036106,,
740,169.3726156,177.2899899,183.6238894,183.6238894,,
741,166.1981448,172.066784,176.7616901,176.7616901,,
742,163.6825503,168.8262262,172.9411669,172.9411669,,
743,163.8327221,167.559645,170.5411776,170.5411776,,
744,167.5612224,170.7580061,173.3154233,173.3154233,,