Time,1%,30%,50%,70%,,,,,,,,,,
1,182.6139012,185.054713,187.0073624,188.960012,,,,,,,,,,
2,185.4247783,187.4262607,189.027438,190.6286201,,,,,,,,,,
3,179.5016912,181.17814,182.5192976,183.8604582,,,,,,,,,,
4,173.3865427,174.9110344,176.1306277,177.3502211,,,,,,,,,,
5,166.5895344,168.1089175,169.3244246,170.5399314,,,,,,,,,,
6,159.8802346,161.2719425,162.3853088,163.4986751,,,,,,,,,,
7,157.856828,159.6824694,161.1429826,162.6034957,,,,,,,,,,
8,156.274782,158.5162904,160.3094971,162.1027038,,,,,,,,,,
9,152.9535669,155.8397307,158.1486617,160.4575927,,,,,,,,,,
10,151.0244716,155.0634574,158.294646,161.5258347,,,,,,,,,,
11,150.357842,155.7086976,159.9893822,164.2700667,,,,,,,,,,
12,156.3520492,162.3434195,167.1365147,171.929612,,,,,,,,,,
13,156.9879865,163.5588974,168.8156241,174.0723546,,,,,,,,,,
14,159.6157554,167.158848,173.1933233,179.2277979,,,,,,,,,,
15,162.7798728,170.2501753,176.2264172,182.2026592,,,,,,,,,,
16,171.3712817,178.8658035,184.8614209,190.8570383,,,,,,,,,,
17,177.3050226,184.4984091,190.2531183,196.0078275,,,,,,,,,,
18,181.3677216,188.2948837,193.8366134,199.3783431,,,,,,,,,,Look into y-axis
19,182.9424724,188.7466458,193.3899845,198.0333231,,,,,,,,,,
20,183.267265,188.9809404,193.5518807,198.1228209,,,,,,,,,,
21,177.9709605,183.7123954,188.3055433,192.8986913,,,,,,,,,,
22,178.5098378,183.5602961,187.6006535,191.6410294,,,,,,,,,,
23,179.274569,183.6683556,187.1833854,190.6984141,,29%,1.60%,,,,,,,
24,186.9220904,190.4137956,193.2071594,196.0005234,,20%,1.20%,,,,,,,
25,196.7135265,199.4076004,201.5628595,203.7181187,,,,,,,,,,
26,197.6337278,199.9351173,201.7762295,203.6173418,,,,,,,,,,
27,195.129711,197.0127228,198.5191316,200.0255408,,1%,30%,50%,70%,,,,,
28,192.1816308,193.8098428,195.1124124,196.4149824,,158687.4617,162316.4853,165219.704,168122.9232,,,,,
29,185.9374696,187.3847139,188.5425093,189.700305,,,,,,,,,,
30,179.2063284,180.751447,181.9875418,183.223637,,,,,,,,,,
31,172.6033217,174.1794254,175.4403078,176.7011904,,,,,,,,,,
32,170.2918588,172.6555351,174.5464762,176.4374172,,,,,,,,,,
33,167.7461913,171.2072531,173.9760954,176.7449378,,,,,,,,,,
34,170.8152063,175.0029159,178.3530836,181.7032513,,,,,,,,,,
35,174.2780875,179.434873,183.560243,187.6857297,,,,,,,,,,
36,175.5298122,181.3219724,185.9557006,190.5894287,,,,,,,,,,
37,182.8770666,189.1008122,194.0798083,199.0588045,,,,,,,,,,
38,189.0443789,196.2870894,202.0812577,207.875426,,,,,,,,,,
39,194.8395889,201.6817695,207.1555207,212.6292681,,,,,,,,,,
40,202.3461474,208.4926923,213.4099282,218.3271641,,,,,,,,,,
41,204.6936999,211.1061497,216.2361087,221.3660684,,,,,,,,,,
42,199.8814263,206.6702128,212.101242,217.5322691,,,,,,,,,,
43,193.2755865,199.6029006,204.6647521,209.7266031,,,,,,,,,,
44,186.1372924,192.7424517,198.026579,203.3107067,,,,,,,,,,
45,182.4146735,188.2854985,192.9821584,197.6788185,,,,,,,,,,
46,178.550233,183.59173,187.6249275,191.6581251,,,,,,,,,,
47,179.4780012,184.0171534,187.6484752,191.2797969,,,,,,,,,,
48,189.2180818,193.6604558,197.214355,200.7682541,,,,,,,,,,
49,204.3622697,214.2542777,222.1678842,230.0814906,,,,,,,,,,
50,207.3568331,214.9060059,220.9453441,226.9846824,,,,,,,,,,
51,206.1897478,210.0378252,213.1162872,216.1947491,,,,,,,,,,
52,202.5952524,205.6679464,208.1261017,210.5842569,,,,,,,,,,
53,196.9004675,199.4646495,201.5159951,203.5673407,,,,,,,,,,
54,190.1225751,192.2986886,194.0395794,195.7804702,,,,,,,,,,
55,186.8180736,189.3455766,191.367579,193.3895814,,,,,,,,,,
56,184.132862,187.4544991,190.1118088,192.7691184,,,,,,,,,,
57,186.7001037,190.8312743,194.1362109,197.4411474,,,,,,,,,,
58,185.1828115,190.3338392,194.4546612,198.5754833,,,,,,,,,,
59,185.8920409,191.1519605,195.3598961,199.5678317,,,,,,,,,,
60,188.9937198,194.9911686,199.7891276,204.5870867,,,,,,,,,,
61,191.414083,197.3047137,202.0172182,206.7297227,,,,,,,,,,
62,196.4701374,202.6539773,207.6010493,212.5481212,,,,,,,,,,
63,203.1717984,208.9087924,213.4983876,218.0879827,,,,,,,,,,
64,206.6571538,213.2807885,218.5796962,223.8786039,,,,,,,,,,
65,202.4848946,209.2043988,214.5800021,219.9556054,,,,,,,,,,
66,195.2033119,202.4462057,208.2405208,214.0348358,,,,,,,,,,
67,188.4465645,196.2471356,202.4875925,208.7280494,,,,,,,,,,
68,186.1613618,194.0787361,200.4126356,206.7465349,,,,,,,,,,
69,180.9728135,186.8414497,191.5363588,196.2312678,,,,,,,,,,
70,178.0346665,183.1783424,187.2932831,191.4082238,,,,,,,,,,
71,179.0488054,182.7757283,185.7572666,188.7388049,,,,,,,,,,
72,190.0169194,193.2137031,195.7711302,198.3285571,,,,,,,,,,
73,204.2468338,207.0637145,209.3172187,211.570723,,,,,,,,,,
74,208.9372142,211.0757434,212.7865672,214.4973908,,,,,,,,,,
75,208.140742,210.0898371,211.649113,213.208389,,,,,,,,,,
76,202.3648018,204.0288106,205.3600176,206.6912245,,,,,,,,,,
77,195.2486698,196.8268705,198.0894292,199.3519885,,,,,,,,,,
78,188.2059121,189.6683136,190.8382349,192.0081562,,,,,,,,,,
79,184.3965277,187.6561122,190.2637796,192.8714471,,,,,,,,,,
80,182.588399,187.9182236,192.1820833,196.445943,,,,,,,,,,
81,184.1317035,190.7687446,196.0783796,201.3880144,,,,,,,,,,
82,186.1158923,193.5485989,199.4947625,205.4409261,,,,,,,,,,
83,189.2225188,195.7278815,200.932172,206.1364623,,,,,,,,,,
84,199.1940515,205.0431732,209.7224717,214.4017691,,,,,,,,,,
85,219.0313808,225.5760929,230.8118626,236.0476322,,,,,,,,,,
86,234.8250487,240.9701919,245.886315,250.8024381,,,,,,,,,,
87,239.0296094,244.516514,248.9060345,253.2955567,,,,,,,,,,
88,235.515846,241.2676107,245.8690224,250.4704341,,,,,,,,,,
89,229.1476866,235.5243629,240.625706,245.7270478,,,,,,,,,,
90,223.0654908,230.1659209,235.8462642,241.5266074,,,,,,,,,,
91,215.5164351,222.6399056,228.3386777,234.0374497,,,,,,,,,,
92,212.9875074,219.2442277,224.2496027,229.2549792,,,,,,,,,,
93,208.378216,215.047424,220.3827931,225.7181607,,,,,,,,,,
94,204.7954618,209.8214806,213.8422958,217.863111,,,,,,,,,,
95,205.0416712,208.8153983,211.8343798,214.8533613,,,,,,,,,,
96,214.353022,217.6288026,220.2494271,222.8700515,,,,,,,,,,
97,240.3811247,242.7896318,244.7164376,246.6432433,,,,,,,,,,
98,247.7015052,249.7325858,251.3574503,252.9823148,,,,,,,,,,
99,248.4637437,249.9666158,251.1689135,252.3712111,,,,,,,,,,
100,244.6903072,246.1899347,247.3896368,248.5893389,,,,,,,,,,
101,235.2114797,236.7126468,237.9135804,239.1145142,,,,,,,,,,
102,225.9495882,227.7241635,229.1438236,230.5634838,,,,,,,,,,
103,220.8509918,223.695533,225.9711659,228.2467988,,,,,,,,,,
104,223.603059,228.224314,231.9213179,235.6183218,,,,,,,,,,
105,224.7280105,230.7405727,235.5506224,240.3606722,,,,,,,,,,
106,227.3697157,234.3602397,239.9526588,245.545078,,,,,,,,,,
107,233.0507115,239.7873685,245.1766941,250.5660197,,,,,,,,,,
108,242.9206607,249.2649237,254.3403342,259.4157446,,,,,,,,,,
109,262.127328,268.3251708,273.283445,278.2417192,,,,,,,,,,
110,276.4856454,282.1740347,286.7247462,291.2754577,,,,,,,,,,
111,273.0319944,278.5640878,282.9897625,287.4154372,,,,,,,,,,
112,263.4316272,269.9444935,275.1547864,280.3650794,,,,,,,,,,
113,252.7197935,259.0062951,264.0354964,269.0646976,,,,,,,,,,
114,241.6836823,249.447046,255.657737,261.8684279,,,,,,,,,,
115,231.8004283,240.5064639,247.4712925,254.436121,,,,,,,,,,
116,225.8822217,232.8128296,238.3573159,243.9018022,,,,,,,,,,
117,221.4768183,227.7393881,232.7494439,237.7594997,,,,,,,,,,
118,217.3386076,222.5075743,226.6427476,230.7779211,,,,,,,,,,
119,218.2384624,222.3279627,225.599563,228.8711633,,,,,,,,,,
120,227.0333327,231.0616267,234.284262,237.5068972,,,,,,,,,,
121,248.7842286,252.3226185,255.1533304,257.9840424,,,,,,,,,,
122,256.122256,258.7597321,260.869713,262.9796938,,,,,,,,,,
123,256.9120749,258.9989963,260.6685333,262.3380705,,,,,,,,,,
124,251.7850424,253.2472955,254.4170979,255.5869004,,,,,,,,,,
125,233.3491916,234.8310318,236.0165039,237.201976,,,,,,,,,,
126,222.3145548,224.3621272,226.0001851,227.6382431,,,,,,,,,,
127,217.948519,220.945032,223.3422425,225.7394529,,,,,,,,,,
128,229.7190516,234.8803426,239.0093754,243.1384081,,,,,,,,,,
129,230.1482239,236.232682,241.1002485,245.967815,,,,,,,,,,
130,232.3577066,239.4642931,245.1495623,250.8348315,,,,,,,,,,
131,235.621997,241.8453706,246.8240695,251.8027684,,,,,,,,,,
132,244.0680341,251.6977678,257.8015546,263.9053415,,,,,,,,,,
133,264.9833159,271.4656889,276.6515873,281.8374858,,,,,,,,,,
134,278.0561854,284.0992126,288.9336343,293.768056,,,,,,,,,,
135,273.8638361,279.3655949,283.7670019,288.1684089,,,,,,,,,,
136,264.8609265,270.8651812,275.6685848,280.4719885,,,,,,,,,,
137,254.1555054,260.7209324,265.9732739,271.2256152,,,,,,,,,,
138,242.5196826,250.1668991,256.2846723,262.4024455,,,,,,,,,,
139,231.3769206,239.8064988,246.5501614,253.2938239,,,,,,,,,,
140,223.8880753,231.5814591,237.7361663,243.8908734,,,,,,,,,,
141,219.8332418,226.6380128,232.0818297,237.5256465,,,,,,,,,,
142,216.3365015,221.7738273,226.1236879,230.4735486,,,,,,,,,,
143,217.725642,221.8604317,225.1682635,228.4760952,,,,,,,,,,
144,221.753881,225.3821328,228.2847342,231.1873359,,,,,,,,,,
145,238.0585393,241.384363,244.0450218,246.7056807,,,,,,,,,,
146,242.4649884,245.0809917,247.1737942,249.2665969,,,,,,,,,,
147,240.6493549,242.8325478,244.5791021,246.3256564,,,,,,,,,,
148,233.5736388,235.3341186,236.7424995,238.1508822,,,,,,,,,,
149,221.5261531,223.1601705,224.4673824,225.7745953,,,,,,,,,,
150,212.1994993,214.3885184,216.1396823,217.8908747,,,,,,,,,,
151,204.8162942,208.1280446,210.7774448,213.426845,,,,,,,,,,
152,201.4844126,207.3918481,212.1177984,216.8437476,,,,,,,,,,
153,199.2314172,206.6985517,212.6722592,218.6459668,,,,,,,,,,
154,199.6196446,207.2510618,213.3561964,219.4613306,,,,,,,,,,
155,199.8459364,206.1432448,211.1810917,216.2189385,,,,,,,,,,
156,207.4930235,213.7329678,218.7249111,223.7168611,,,,,,,,,,
157,226.8402482,233.3062617,238.4790657,243.6518735,,,,,,,,,,
158,238.4387011,244.8686817,250.0126662,255.1566506,,,,,,,,,,
159,234.7704531,240.5963377,245.2570454,249.917753,,,,,,,,,,
160,228.2841888,234.6065783,239.664491,244.7224031,,,,,,,,,,
161,221.5911401,228.2087104,233.5027755,238.7968357,,,,,,,,,,
162,213.232115,220.4211467,226.172372,231.9235974,,,,,,,,,,
163,205.6773184,214.0038983,220.6651612,227.3264247,,,,,,,,,,
164,201.234914,209.8456414,216.7342233,223.6228052,,,,,,,,,,
165,197.5205806,204.0682924,209.3064618,214.5446312,,,,,,,,,,
166,194.248923,199.4776066,203.6605535,207.8435004,,,,,,,,,,
167,194.4457741,198.2832643,201.3532533,204.423244,,,,,,,,,,
168,200.8673024,204.3096678,207.0635599,209.8174521,,,,,,,,,,
169,212.9518667,215.3926809,217.3453275,219.2979727,,,,,,,,,,
170,215.0697431,217.0712207,218.6724028,220.2735849,,,,,,,,,,
171,211.686575,213.363027,214.7041829,216.0453412,,,,,,,,,,
172,203.6559716,205.180459,206.4000566,207.61965,,,,,,,,,,
173,191.4102442,192.9296162,194.1451256,195.3606321,,,,,,,,,,
174,180.7618248,182.1535326,183.2668989,184.3802652,,,,,,,,,,
175,170.7651476,172.5907851,174.0512972,175.5118113,,,,,,,,,,
176,165.3358813,167.5773841,169.3705965,171.1638032,,,,,,,,,,
177,163.1561126,166.0422764,168.3512073,170.6601383,,,,,,,,,,
178,165.6154911,169.6544875,172.8856705,176.116854,,,,,,,,,,
179,167.1972785,172.5481341,176.8288186,181.1095032,,,,,,,,,,
180,172.0474753,178.0388583,182.8319479,187.625038,,,,,,,,,,
181,189.8333598,196.4042702,201.6610008,206.9177275,,,,,,,,,,
182,203.751736,211.294829,217.3293039,223.3637785,,,,,,,,,,
183,201.5008478,208.9711384,214.9473804,220.9236222,,,,,,,,,,
184,201.661031,209.1555868,215.1512042,221.1468217,,,,,,,,,,
185,201.8384987,209.0318839,214.7865931,220.5413023,,,,,,,,,,
186,199.8902156,206.8173804,212.3591108,217.9008384,,,,,,,,,,
187,196.4035818,202.2077551,206.8510938,211.4944325,,,,,,,,,,
188,193.175062,198.8887419,203.4596776,208.0306179,,,,,,,,,,
189,192.8979359,198.6393679,203.2325188,207.8256667,,,,,,,,,,
190,191.1635184,196.2139717,200.2543383,204.294705,,,,,,,,,,
191,188.7326041,193.126344,196.641387,200.1564172,,,,,,,,,,
192,193.520993,197.0126979,199.8060619,202.5994258,,,,,,,,,,
193,201.8541734,204.5482473,206.7035064,208.8587656,,,,,,,,,,
194,200.5006247,202.8020146,204.6431265,206.4842384,,,,,,,,,,
195,196.2851417,198.1681528,199.6745619,201.1809711,,,,,,,,,,
196,190.8619838,192.4901957,193.7927653,195.0953349,,,,,,,,,,
197,183.437511,184.8847534,186.0425488,187.2003442,,,,,,,,,,
198,176.5189342,178.0640478,179.3001476,180.5362424,,,,,,,,,,
199,167.4220474,168.9981514,170.2590352,171.5199161,,,,,,,,,,
200,170.1053507,172.4690269,174.3599679,176.2509089,,,,,,,,,,
201,167.5268286,170.9878817,173.7567241,176.5255664,,,,,,,,,,
202,168.8737382,173.061446,176.4116135,179.7617816,,,,,,,,,,
203,169.9928367,175.1496212,179.2750497,183.400478,,,,,,,,,,
204,171.9252629,177.7174231,182.3511511,186.9848794,,,,,,,,,,
205,177.3500123,183.5737577,188.5527539,193.5317502,,,,,,,,,,
206,185.1841838,192.4268941,198.2210625,204.0152308,,,,,,,,,,
207,191.9364661,198.7786504,204.2523979,209.7261453,,,,,,,,,,
208,197.2877834,203.4343283,208.3515642,213.2688002,,,,,,,,,,
209,197.5138745,203.9263238,209.0562786,214.1862427,,,,,,,,,,
210,192.6851692,199.4739557,204.9049849,210.3360141,,,,,,,,,,
211,185.8861572,192.2134712,197.2753223,202.3371737,,,,,,,,,,
212,179.3558027,185.960962,191.245086,196.5292168,,,,,,,,,,
213,175.6886105,181.5594355,186.2560955,190.9527555,,,,,,,,,,
214,173.4537005,178.4951988,182.5283954,186.5615932,,,,,,,,,,
215,174.0380884,178.5772674,182.2085625,185.8398843,,,,,,,,,,
216,181.4401733,185.8825473,189.4364464,192.9903456,,,,,,,,,,
217,203.0716205,212.9636285,220.877235,228.7908414,,,,,,,,,,
218,201.3521371,208.9013099,214.9406482,220.9799865,,,,,,,,,,
219,196.5203884,200.3684658,203.4469278,206.5253897,,,,,,,,,,
220,190.9880395,194.0607335,196.5188887,198.9770435,,,,,,,,,,
221,183.5075614,186.0717434,188.123089,190.1744344,,,,,,,,,,
222,176.5326657,178.7087792,180.44967,182.1905608,,,,,,,,,,
223,167.5617943,170.0892973,172.1112996,174.133302,,,,,,,,,,
224,176.2941771,179.6158142,182.2731238,184.9304335,,,,,,,,,,
225,177.1473709,181.2785416,184.5834781,187.8884141,,,,,,,,,,
226,176.3983916,181.5494192,185.6702413,189.7910634,,,,,,,,,,
227,177.7778814,183.0378009,187.2457366,191.4536724,,,,,,,,,,
228,180.4444014,186.4418502,191.2398092,196.0377683,,,,,,,,,,
229,184.6144123,190.505043,195.2175475,199.9300513,,,,,,,,,,
230,192.342371,198.5262108,203.4732828,208.4203546,,,,,,,,,,
231,201.1266898,206.8636838,211.453279,216.0428753,,,,,,,,,,
232,206.6151091,213.2387437,218.5376515,223.8365592,,,,,,,,,,
233,203.2702863,209.9897905,215.3653938,220.7409966,,,,,,,,,,
234,196.3796876,203.6225814,209.4168965,215.2112116,,,,,,,,,,
235,190.3939509,198.194522,204.4349788,210.675436,,,,,,,,,,
236,187.3331537,195.250528,201.5844274,207.9183269,,,,,,,,,,
237,183.8345638,189.7032001,194.3981091,199.0930183,,,,,,,,,,
238,181.2643418,186.4080177,190.5229584,194.6378992,,,,,,,,,,
239,182.5406899,186.2676128,189.2491511,192.2306895,,,,,,,,,,
240,191.5175404,194.7143241,197.2717511,199.8291781,,,,,,,,,,
241,224.5585084,227.3753888,229.6288932,231.8823975,,,,,,,,,,
242,258.6198544,260.7583838,262.4692074,264.180031,,,,,,,,,,
243,260.8103345,262.7594295,264.3187055,265.8779815,,,,,,,,,,
244,255.8767096,257.5407183,258.8719253,260.2031323,,,,,,,,,,
245,249.656214,251.2344131,252.4969724,253.7595317,,,,,,,,,,
246,240.9553103,242.4177118,243.5876332,244.7575544,,,,,,,,,,
247,239.1600926,242.4196769,245.0273444,247.6350119,,,,,,,,,,
248,224.0629748,229.3927995,233.6566592,237.9205189,,,,,,,,,,
249,225.8024625,232.4395061,237.749141,243.0587759,,,,,,,,,,
250,230.5942316,238.0269362,243.9730997,249.9192633,,,,,,,,,,
251,236.2959704,242.8013333,248.0056237,253.209914,,,,,,,,,,
252,249.4270896,255.2762115,259.955509,264.6348064,,,,,,,,,,
253,275.0906884,281.6354004,286.8711701,292.1069397,,,,,,,,,,
254,291.7210069,297.8661608,302.7822839,307.698407,,,,,,,,,,
255,288.5317053,294.0186083,298.4081303,302.7976525,,,,,,,,,,
256,277.5515601,283.3033247,287.9047365,292.5061482,,,,,,,,,,
257,263.1613812,269.5380584,274.6394002,279.740742,,,,,,,,,,
258,247.887326,254.987755,260.6680982,266.3484414,,,,,,,,,,
259,235.4231243,242.5465894,248.2453615,253.9441335,,,,,,,,,,
260,231.8513791,238.1080997,243.1134761,248.1188526,,,,,,,,,,
261,225.5549461,232.2241556,237.5595232,242.8948909,,,,,,,,,,
262,220.473606,225.499625,229.5204402,233.5412554,,,,,,,,,,
263,221.9462127,225.7199396,228.738921,231.7579026,,,,,,,,,,
264,228.767167,232.0429475,234.6635719,237.2841963,,,,,,,,,,
265,225.0275595,227.4360667,229.3628724,231.2896781,,,,,,,,,,
266,259.1347441,261.1658247,262.7906892,264.4155535,,,,,,,,,,
267,261.1848136,262.6876857,263.8899834,265.0922811,,,,,,,,,,
268,256.083428,257.5830555,258.7827576,259.9824597,,,,,,,,,,
269,249.6949997,251.1961668,252.3971005,253.5980342,,,,,,,,,,
270,240.8822627,242.6568379,244.0764981,245.4961583,,,,,,,,,,
271,238.6922333,241.5367745,243.8124074,246.0880404,,,,,,,,,,
272,239.7385087,244.3597637,248.0567676,251.7537715,,,,,,,,,,
273,239.5983622,245.6109244,250.4209741,255.2310239,,,,,,,,,,
274,241.7460567,248.7365806,254.3289998,259.9214189,,,,,,,,,,
275,243.3036531,250.0403101,255.4296357,260.8189614,,,,,,,,,,
276,253.0729506,259.4172137,264.492624,269.5680346,,,,,,,,,,
277,273.1796281,279.3774709,284.3357451,289.2940193,,,,,,,,,,
278,286.0954414,291.7838307,296.3345422,300.8852536,,,,,,,,,,
279,279.3967837,284.928877,289.3545518,293.7802265,,,,,,,,,,
280,262.5677281,269.0805943,274.2908873,279.5011803,,,,,,,,,,
281,243.9993205,250.285822,255.3150233,260.3442246,,,,,,,,,,
282,230.4090345,238.1723982,244.3830891,250.5937801,,,,,,,,,,
283,219.6473017,228.3533374,235.3181659,242.2829944,,,,,,,,,,
284,213.2059559,220.1365637,225.68105,231.2255363,,,,,,,,,,
285,209.4620145,215.7245843,220.7346401,225.7446959,,,,,,,,,,
286,203.8861734,209.0551402,213.1903136,217.3254869,,,,,,,,,,
287,200.8825608,204.9720612,208.2436614,211.5152617,,,,,,,,,,
288,207.9346885,211.9629825,215.1856178,218.408253,,,,,,,,,,
289,225.0858429,228.6242328,231.4549447,234.2856566,,,,,,,,,,
290,231.9479135,234.5853895,236.6953704,238.8053513,,,,,,,,,,
291,233.5709091,235.6578304,237.3273675,238.9969047,,,,,,,,,,
292,231.3541105,232.8163636,233.9861656,235.1559685,,,,,,,,,,
293,222.2882496,223.7700897,224.9555618,226.1410339,,,,,,,,,,
294,211.3342995,213.3818719,215.0199298,216.6579878,,,,,,,,,,
295,208.5128338,211.5093468,213.9065572,216.3037676,,,,,,,,,,
296,209.9711366,215.1324275,219.2614603,223.3904931,,,,,,,,,,
297,210.8655934,216.9500515,221.817618,226.6851845,,,,,,,,,,
298,214.5899905,221.696577,227.3818462,233.0671154,,,,,,,,,,
299,219.1440499,225.3674236,230.3461225,235.3248214,,,,,,,,,,
300,230.5339756,238.1637092,244.2674961,250.371283,,,,,,,,,,
301,253.5062132,259.9885862,265.1744847,270.3603831,,,,,,,,,,
302,269.3494503,275.3924774,280.2268992,285.0613209,,,,,,,,,,
303,263.9075409,269.4092997,273.8107067,278.2121137,,,,,,,,,,
304,248.9573288,254.9615834,259.7649871,264.5683908,,,,,,,,,,
305,233.1238434,239.6892704,244.9416119,250.1939534,,,,,,,,,,
306,220.360667,228.0078834,234.1256567,240.24343,,,,,,,,,,
307,212.7115586,221.1411369,227.8847994,234.628462,,,,,,,,,,
308,207.3755498,215.0689337,221.2236408,227.3783479,,,,,,,,,,
309,203.1261045,209.9308755,215.3746924,220.8185092,,,,,,,,,,
310,199.3592428,204.7965686,209.1464292,213.4962899,,,,,,,,,,
311,198.112233,202.2470227,205.5548545,208.8626862,,,,,,,,,,
312,206.0533967,209.6816485,212.5842499,215.4868513,,,,,,,,,,
313,226.738777,230.0646006,232.7252595,235.3859184,,,,,,,,,,
314,235.3459369,237.9619402,240.0547428,242.1475454,,,,,,,,,,
315,238.2236697,240.4068626,242.1534169,243.8999712,,,,,,,,,,
316,236.0349566,237.7954348,239.2038173,240.6121999,,,,,,,,,,
317,228.4407164,230.0747327,231.3819456,232.6891586,,,,,,,,,,
318,218.9400697,221.1290603,222.8802527,224.6314451,,,,,,,,,,
319,215.3178197,218.62957,221.2789703,223.9283706,,,,,,,,,,
320,214.6504816,220.5579182,225.2838674,230.0098166,,,,,,,,,,
321,216.0104981,223.4776326,229.4513401,235.4250477,,,,,,,,,,
322,218.9705609,226.6019786,232.7071127,238.8122469,,,,,,,,,,
323,223.2877467,229.5850552,234.622902,239.6607488,,,,,,,,,,
324,237.0330441,243.2729817,248.2649318,253.2568818,,,,,,,,,,
325,260.0402969,266.5063066,271.6791144,276.8519222,,,,,,,,,,
326,273.3816313,279.8116119,284.9555964,290.0995808,,,,,,,,,,
327,268.1090062,273.9348908,278.5955984,283.2563061,,,,,,,,,,
328,253.8594688,260.1818589,265.2397709,270.297683,,,,,,,,,,
329,236.4932227,243.1107979,248.4048581,253.6989182,,,,,,,,,,
330,220.7184021,227.9074338,233.6586591,239.4098844,,,,,,,,,,
331,208.1686605,216.4952399,223.1565033,229.8177668,,,,,,,,,,
332,202.3329678,210.9436952,217.8322771,224.720859,,,,,,,,,,
333,198.1136608,204.6613725,209.8995419,215.1377114,,,,,,,,,,
334,195.5626306,200.7913142,204.974261,209.1572079,,,,,,,,,,
335,197.2215158,201.0590042,204.128995,207.1989857,,,,,,,,,,
336,201.4611531,204.9035184,207.6574106,210.4113028,,,,,,,,,,
337,216.8108493,219.2516611,221.2043106,223.1569602,,,,,,,,,,
338,222.06293,224.0644076,225.6655897,227.2667717,,,,,,,,,,
339,221.6113008,223.2877496,224.6289087,225.9700678,,,,,,,,,,
340,216.4652941,217.9897858,219.2093791,220.4289725,,,,,,,,,,
341,206.3251306,207.8445141,209.0600209,210.2755273,,,,,,,,,,
342,197.4969373,198.8886451,200.0020114,201.1153777,,,,,,,,,,
343,188.9890189,190.8146603,192.2751735,193.7356866,,,,,,,,,,
344,184.5512132,186.7927216,188.5859283,190.379135,,,,,,,,,,
345,182.12968,185.0158438,187.3247747,189.6337058,,,,,,,,,,
346,181.7930433,185.832029,189.0632177,192.2944064,,,,,,,,,,
347,184.402965,189.7538207,194.0345052,198.3151922,,,,,,,,,,
348,193.4880706,199.4794409,204.2725371,209.0656377,,,,,,,,,,
349,209.6672952,216.238206,221.4949346,226.7516633,,,,,,,,,,
350,223.1128817,230.655975,236.6904496,242.7249243,,,,,,,,,,
351,221.9529921,229.4232945,235.3995365,241.3757785,,,,,,,,,,
352,221.032992,228.5275124,234.5231312,240.5187486,,,,,,,,,,
353,220.5010718,227.6944584,233.4491676,239.2038768,,,,,,,,,,
354,217.9424993,224.8696603,230.4113911,235.9531208,,,,,,,,,,
355,212.4103622,218.2145355,222.8578742,227.501213,,,,,,,,,,
356,206.7636146,212.4772899,217.0482302,221.61917,,,,,,,,,,
357,200.6398836,206.3813192,210.9744671,215.5676151,,,,,,,,,,
358,197.2051584,202.2556166,206.2959832,210.3363499,,,,,,,,,,
359,197.1430523,201.5368411,205.0518704,208.5669,,,,,,,,,,
360,199.011563,202.5032679,205.2966319,208.0899958,,,,,,,,,,
361,207.8372889,210.5313628,212.686622,214.8418811,,,,,,,,,,
362,206.9777696,209.2791595,211.1202714,212.9613835,,,,,,,,,,
363,202.5818522,204.4648636,205.9712727,207.4776818,,,,,,,,,,
364,197.940716,199.568938,200.8715075,202.1740771,,,,,,,,,,
365,189.2619049,190.7091566,191.8669527,193.0247473,,,,,,,,,,
366,179.2386433,180.7837618,182.0198567,183.2559515,,,,,,,,,,
367,174.0589951,175.6350964,176.8959791,178.156862,,,,,,,,,,
368,171.6284883,173.9921646,175.8831128,177.7740465,,,,,,,,,,
369,169.5596058,173.0206556,175.7894978,178.5583404,,,,,,,,,,
370,168.5679741,172.7556899,176.1058581,179.4560253,,,,,,,,,,
371,167.9680575,173.1248435,177.2502719,181.3757003,,,,,,,,,,
372,170.6391097,176.4312111,181.0649392,185.6986674,,,,,,,,,,
373,174.3968665,180.6206119,185.5996082,190.5786044,,,,,,,,,,
374,184.1142558,191.3569649,197.1511291,202.9453015,,,,,,,,,,
375,191.7565022,198.5986866,204.072434,209.5461815,,,,,,,,,,
376,194.6546489,200.8011938,205.7184298,210.6356657,,,,,,,,,,
377,192.165223,198.5776726,203.7076489,208.8375912,,,,,,,,,,
378,186.7708679,193.5596544,198.9906853,204.4217127,,,,,,,,,,
379,179.4543642,185.7816782,190.8435294,195.9053807,,,,,,,,,,
380,173.2477165,179.8528699,185.1369974,190.4211247,,,,,,,,,,
381,169.5216328,175.3924593,180.0891192,184.7857792,,,,,,,,,,
382,168.78472,173.8262082,177.8594061,181.8926033,,,,,,,,,,
383,169.1062845,173.6454365,177.2767583,180.90808,,,,,,,,,,
384,174.3265599,178.7689339,182.3228332,185.8767322,,,,,,,,,,
385,189.6159426,199.5079497,207.4215574,215.3351626,,,,,,,,,,
386,192.4262309,199.9754039,206.014742,212.0540803,,,,,,,,,,
387,191.6391622,195.4872393,198.5657012,201.6441632,,,,,,,,,,
388,189.525618,192.5983115,195.0564545,197.514622,,,,,,,,,,
389,184.2741557,186.8383377,188.8896832,190.9410289,,,,,,,,,,
390,176.974934,179.1510475,180.8919383,182.6328291,,,,,,,,,,
391,174.5530475,177.0805506,179.102553,181.1245554,,,,,,,,,,
392,171.1305304,174.4521688,177.1094786,179.7667882,,,,,,,,,,
393,170.2103462,174.3415166,177.6464532,180.9513896,,,,,,,,,,
394,170.1740438,175.32507,179.4458921,183.5667142,,,,,,,,,,
395,172.0742197,177.3341368,181.5420725,185.7500081,,,,,,,,,,
396,174.1741036,180.1715524,184.9695115,189.7674705,,,,,,,,,,
397,179.8846657,185.7752954,190.4877999,195.2003044,,,,,,,,,,
398,190.0466571,196.2304949,201.1775668,206.1246387,,,,,,,,,,
399,200.4689621,206.2059547,210.7955499,215.3851451,,,,,,,,,,
400,207.1099901,213.7336246,219.0325323,224.33144,,,,,,,,,,
401,203.5350078,210.2545119,215.6301153,221.0057186,,,,,,,,,,
402,196.1430993,203.3859928,209.1803082,214.9746232,,,,,,,,,,
403,190.2284153,198.0289838,204.2694407,210.5098976,,,,,,,,,,
404,185.8201509,193.7375253,200.0714248,206.4053242,,,,,,,,,,
405,183.7223653,189.5910016,194.2859097,198.9808197,,,,,,,,,,
406,181.6429123,186.7865894,190.9015301,195.0164708,,,,,,,,,,
407,183.1115467,186.8384697,189.820008,192.8015463,,,,,,,,,,
408,190.2900324,193.4868147,196.0442417,198.6016687,,,,,,,,,,
409,209.7775122,212.5943926,214.8478969,217.1014012,,,,,,,,,,
410,217.3064344,219.4449639,221.1557875,222.8666111,,,,,,,,,,
411,219.8346357,221.7837307,223.3430067,224.9022827,,,,,,,,,,
412,218.8736213,220.5376301,221.868837,223.200044,,,,,,,,,,
413,214.3536675,215.9318667,217.194426,218.4569853,,,,,,,,,,
414,207.8585038,209.3209054,210.4908267,211.660748,,,,,,,,,,
415,206.6829304,209.9425147,212.5501821,215.1578496,,,,,,,,,,
416,209.0220195,214.3518441,218.6157038,222.8795635,,,,,,,,,,
417,210.6188512,217.2558948,222.5655296,227.8751645,,,,,,,,,,
418,211.8308898,219.2635943,225.209758,231.1559216,,,,,,,,,,
419,216.3165234,222.8218863,228.0261766,233.230467,,,,,,,,,,
420,224.5753759,230.4244978,235.1037952,239.7830927,,,,,,,,,,
421,240.4107979,246.95551,252.1912796,257.4270493,,,,,,,,,,
422,254.4286982,260.5738521,265.4899752,270.4060983,,,,,,,,,,
423,259.3042917,264.7911945,269.1807167,273.570239,,,,,,,,,,
424,257.3918004,263.1435651,267.7449768,272.3463885,,,,,,,,,,
425,250.1912014,256.5678787,261.6692205,266.7705623,,,,,,,,,,
426,244.3028785,251.4033075,257.0836507,262.7639939,,,,,,,,,,
427,236.5687271,243.6921922,249.3909643,255.0897363,,,,,,,,,,
428,230.5094079,236.7661286,241.771505,246.7768815,,,,,,,,,,
429,225.6715212,232.3407307,237.6760983,243.0114659,,,,,,,,,,
430,222.5305587,227.5565777,231.5773929,235.5982081,,,,,,,,,,
431,224.6126967,228.3864235,231.4054052,234.4243867,,,,,,,,,,
432,235.6943479,238.9701284,241.5907529,244.2113773,,,,,,,,,,
433,254.1404715,256.5489787,258.4757844,260.4025902,,,,,,,,,,
434,266.0313922,268.0624728,269.6873373,271.3122017,,,,,,,,,,
435,269.0155459,270.5184182,271.7207158,272.9230135,,,,,,,,,,
436,264.5713529,266.0709805,267.2706825,268.4703846,,,,,,,,,,
437,254.9702724,256.4714395,257.6723732,258.8733069,,,,,,,,,,
438,247.4420236,249.2165989,250.636259,252.0559192,,,,,,,,,,
439,263.3812627,266.2258038,268.5014368,270.7770697,,,,,,,,,,
440,246.1293564,250.7506115,254.4476154,258.1446193,,,,,,,,,,
441,248.0276928,254.040255,258.8503048,263.6603545,,,,,,,,,,
442,247.0832489,254.0737728,259.6661919,265.2586111,,,,,,,,,,
443,253.8184055,260.5550625,265.9443881,271.3337137,,,,,,,,,,
444,267.9122382,274.2565012,279.3319117,284.4073222,,,,,,,,,,
445,290.5366082,296.734451,301.6927252,306.6509994,,,,,,,,,,
446,305.7868791,311.4752684,316.0259798,320.5766913,,,,,,,,,,
447,299.9875726,305.519666,309.9453407,314.3710154,,,,,,,,,,
448,287.9005801,294.4134463,299.6237394,304.8340323,,,,,,,,,,
449,274.9486621,281.2351636,286.2643649,291.2935662,,,,,,,,,,
450,261.8759771,269.6393408,275.8500318,282.0607227,,,,,,,,,,
451,249.4430485,258.1490842,265.1139127,272.0787412,,,,,,,,,,
452,240.2021637,247.1327715,252.6772578,258.221744,,,,,,,,,,
453,232.5999807,238.8625505,243.8726063,248.8826621,,,,,,,,,,
454,231.1609199,236.3298866,240.46506,244.6002334,,,,,,,,,,
455,231.8084994,235.8979997,239.1696,242.4412002,,,,,,,,,,
456,236.8681348,240.8964287,244.1190639,247.3416991,,,,,,,,,,
457,256.8345333,260.3729232,263.2036351,266.034347,,,,,,,,,,
458,268.3401764,270.9776525,273.0876334,275.1976142,,,,,,,,,,
459,269.1886876,271.2756091,272.9451462,274.6146834,,,,,,,,,,
460,263.4162576,264.8785107,266.0483132,267.2181156,,,,,,,,,,
461,255.3041628,256.7860029,257.9714751,259.1569471,,,,,,,,,,
462,241.2873593,243.3349318,244.9729897,246.6110476,,,,,,,,,,
463,233.1072523,236.1037653,238.5009757,240.8981861,,,,,,,,,,
464,236.7304558,241.8917467,246.0207795,250.1498122,,,,,,,,,,
465,236.2463881,242.3308462,247.1984127,252.0659792,,,,,,,,,,
466,235.2883193,242.3949058,248.080175,253.7654442,,,,,,,,,,
467,234.8562578,241.0796315,246.0583304,251.0370293,,,,,,,,,,
468,245.1108287,252.7405623,258.8443492,264.948136,,,,,,,,,,
469,264.5866561,271.0690292,276.2549276,281.4408261,,,,,,,,,,
470,275.5095135,281.5525406,286.3869624,291.2213841,,,,,,,,,,
471,269.6047252,275.106484,279.507891,283.909298,,,,,,,,,,
472,259.6226792,265.6269338,270.4303375,275.2337412,,,,,,,,,,
473,250.4558262,257.0212531,262.2735946,267.5259362,,,,,,,,,,
474,240.9873831,248.6345996,254.7523728,260.8701459,,,,,,,,,,
475,231.5910672,240.0206454,246.764308,253.5079705,,,,,,,,,,
476,228.1208532,235.8142371,241.9689442,248.1236513,,,,,,,,,,
477,225.0151148,231.8198859,237.2637027,242.7075196,,,,,,,,,,
478,223.5554307,228.9927564,233.3426171,237.6924777,,,,,,,,,,
479,225.6645316,229.7993213,233.1071531,236.4149848,,,,,,,,,,
480,233.9373021,237.5655539,240.4681553,243.3707567,,,,,,,,,,
481,245.1148722,248.4406958,251.1013566,253.7620134,,,,,,,,,,
482,245.4384063,248.0544096,250.1472064,252.2400125,,,,,,,,,,
483,241.4197134,243.6029063,245.3494606,247.0960152,,,,,,,,,,
484,232.7144486,234.4749268,235.8833093,237.291692,,,,,,,,,,
485,219.2082379,220.8422541,222.1494676,223.4566825,,,,,,,,,,
486,208.3116289,210.5006194,212.2518119,214.0030138,,,,,,,,,,
487,197.9048892,201.2166396,203.8660398,206.5154401,,,,,,,,,,
488,194.5470279,200.4544644,205.1804137,209.906363,,,,,,,,,,
489,194.9715515,202.4386859,208.4123936,214.386101,,,,,,,,,,
490,194.6182775,202.2496952,208.3548251,214.4599616,,,,,,,,,,
491,196.1174023,202.4147108,207.4525576,212.4904128,,,,,,,,,,
492,203.7514281,209.9913657,214.9833201,219.9752658,,,,,,,,,,
493,222.4832687,228.9492785,234.1220862,239.294894,,,,,,,,,,
494,235.0117043,241.4416849,246.5856636,251.7296544,,,,,,,,,,
495,231.106608,236.9324926,241.5932001,246.2539079,,,,,,,,,,
496,227.1714964,233.4938865,238.5517986,243.6097106,,,,,,,,,,
497,224.5312631,231.1488385,236.442898,241.7369586,,,,,,,,,,
498,221.6765647,228.8655963,234.6168125,240.368047,,,,,,,,,,
499,218.3480221,226.6746015,233.3358188,239.9971296,,,,,,,,,,
500,215.8734214,224.4841488,231.3727311,238.2613106,,,,,,,,,,
501,213.1825548,219.7302665,224.9684359,230.2066053,,,,,,,,,,
502,210.1894549,215.4181386,219.6010854,223.7840301,,,,,,,,,,
503,210.278933,214.1164214,217.1863671,220.2564029,,,,,,,,,,
504,217.0767897,220.519155,223.2730457,226.0269394,,,,,,,,,,
505,227.3482243,229.7890361,231.7416856,233.6943351,,,,,,,,,,
506,228.7685207,230.7699985,232.3711806,233.9723626,,,,,,,,,,
507,225.3982432,227.0746921,228.4158511,229.7570102,,,,,,,,,,
508,217.336352,218.8608437,220.080437,221.3000303,,,,,,,,,,
509,205.5239861,207.0433696,208.2588764,209.4743832,,,,,,,,,,
510,194.4495508,195.8412585,196.9546249,198.0679911,,,,,,,,,,
511,187.2685863,189.094231,190.5547442,192.0152574,,,,,,,,,,
512,183.65629,185.8977967,187.6910035,189.4842103,,,,,,,,,,
513,181.141084,184.027246,186.336177,188.645108,,,,,,,,,,
514,181.0951933,185.1341798,188.3653684,191.5965571,,,,,,,,,,
515,183.3292542,188.6801077,192.9607923,197.2414768,,,,,,,,,,
516,191.638676,197.6300463,202.4231425,207.2162387,,,,,,,,,,
517,207.5763826,214.1472943,219.4040229,224.6607515,,,,,,,,,,
518,221.9901362,229.5332303,235.5677049,241.6021795,,,,,,,,,,
519,222.8294707,230.2997731,236.2760151,242.2522571,,,,,,,,,,
520,225.4178806,232.9124024,238.9080198,244.9036372,,,,,,,,,,
521,227.5682192,234.7616057,240.5163149,246.2710241,,,,,,,,,,
522,228.3900188,235.317181,240.8589107,246.4006404,,,,,,,,,,
523,227.6921873,233.4963607,238.1396994,242.783038,,,,,,,,,,
524,228.4047227,234.1183981,238.6893384,243.2602787,,,,,,,,,,
525,228.6205344,234.3619678,238.9551157,243.5482636,,,,,,,,,,
526,230.1127128,235.1631713,239.2035379,243.2439045,,,,,,,,,,
527,234.4020527,238.7958394,242.3108687,245.825898,,,,,,,,,,
528,244.2708607,247.7625656,250.5559296,253.3492935,,,,,,,,,,
529,256.012858,258.7069319,260.862191,263.0174501,,,,,,,,,,
530,257.2713303,259.5727202,261.4138321,263.254944,,,,,,,,,,
531,254.4811976,256.364209,257.8706183,259.3770273,,,,,,,,,,
532,249.3904179,251.0186299,252.3211995,253.6237691,,,,,,,,,,
533,242.4081334,243.8553776,245.013173,246.1709686,,,,,,,,,,
534,234.5599296,236.1050482,237.341143,238.5772379,,,,,,,,,,
535,232.394791,233.9708943,235.231777,236.4926599,,,,,,,,,,
536,230.9600757,233.323752,235.2146929,237.1056339,,,,,,,,,,
537,230.924076,234.385129,237.1539713,239.9228137,,,,,,,,,,
538,233.5564324,237.744142,241.0943097,244.4444774,,,,,,,,,,
539,237.3067235,242.463509,246.5889374,250.7143657,,,,,,,,,,
540,243.9922517,249.7844119,254.4181401,259.0518682,,,,,,,,,,
541,248.0124107,254.2361561,259.2151524,264.1941487,,,,,,,,,,
542,257.4188608,264.6615712,270.4557395,276.2499078,,,,,,,,,,
543,266.011008,272.8531923,278.3269398,283.8006873,,,,,,,,,,
544,274.5093287,280.6558736,285.5731095,290.4903454,,,,,,,,,,
545,278.0592988,284.4717481,289.6017075,294.731667,,,,,,,,,,
546,274.217235,281.0060215,286.4370506,291.8680799,,,,,,,,,,
547,267.6791167,274.0064309,279.0682821,284.1301334,,,,,,,,,,
548,257.5926661,264.1978253,269.4819527,274.7660802,,,,,,,,,,
549,248.7885527,254.6593777,259.3560377,264.0526977,,,,,,,,,,
550,242.8196209,247.8611179,251.8943154,255.927513,,,,,,,,,,
551,244.1941094,248.7332616,252.3645833,255.9959051,,,,,,,,,,
552,252.628376,257.0707499,260.6246492,264.1785482,,,,,,,,,,
553,265.5385662,275.4305742,283.3441807,291.2577871,,,,,,,,,,
554,270.6808459,278.2300187,284.269357,290.3086952,,,,,,,,,,
555,270.6029284,274.451006,277.5294679,280.6079299,,,,,,,,,,
556,267.8067427,270.8794368,273.337592,275.7957472,,,,,,,,,,
557,261.6447703,264.2089523,266.2602979,268.3116435,,,,,,,,,,
558,255.7901963,257.9663098,259.7072006,261.4480914,,,,,,,,,,
559,252.3482617,254.8757647,256.8977671,258.9197695,,,,,,,,,,
560,254.5556908,257.8773279,260.5346375,263.1919472,,,,,,,,,,
561,253.8139567,257.9451275,261.2500639,264.5550004,,,,,,,,,,
562,255.7611707,260.9121983,265.0330204,269.1538425,,,,,,,,,,
563,256.5990652,261.8589848,266.0669204,270.274856,,,,,,,,,,
564,257.6743346,263.6717834,268.4697424,273.2677015,,,,,,,,,,
565,267.0049611,272.8955918,277.6080963,282.3206008,,,,,,,,,,
566,276.1333091,282.317149,287.2642209,292.2112928,,,,,,,,,,
567,282.3166197,288.0536137,292.6432088,297.232804,,,,,,,,,,
568,275.5278791,282.1515138,287.4504215,292.7493293,,,,,,,,,,
569,259.3061202,266.0256243,271.4012276,276.776831,,,,,,,,,,
570,240.1632002,247.406094,253.2004091,258.9947242,,,,,,,,,,
571,224.1064562,231.9070273,238.1474841,244.387941,,,,,,,,,,
572,212.0170913,219.9344657,226.2683651,232.6022645,,,,,,,,,,
573,201.1319877,207.0006241,211.6955331,216.3904421,,,,,,,,,,
574,194.8907615,200.0344374,204.1493781,208.2643188,,,,,,,,,,
575,193.9711052,197.6980281,200.6795664,203.6611047,,,,,,,,,,
576,201.4722132,204.668997,207.226424,209.7838509,,,,,,,,,,
577,222.554571,225.3714514,227.6249557,229.8784601,,,,,,,,,,
578,236.576398,238.7149275,240.4257511,242.1365747,,,,,,,,,,
579,240.9694265,242.9185215,244.4777975,246.0370735,,,,,,,,,,
580,240.0413959,241.7054046,243.0366116,244.3678186,,,,,,,,,,
581,234.6071685,236.1853676,237.447927,238.7104863,,,,,,,,,,
582,225.581877,227.0442786,228.2141999,229.3841211,,,,,,,,,,
583,221.9041892,225.1637735,227.771441,230.3791084,,,,,,,,,,
584,220.9679566,226.2977812,230.5616409,234.8255006,,,,,,,,,,
585,222.238822,228.8758656,234.1855004,239.4951353,,,,,,,,,,
586,226.4061197,233.8388242,239.7849878,245.7311514,,,,,,,,,,
587,234.3846768,240.8900397,246.09433,251.2986204,,,,,,,,,,
588,248.730045,254.5791668,259.2584643,263.9377618,,,,,,,,,,
589,272.1418915,278.6866035,283.9223732,289.1581428,,,,,,,,,,
590,285.714805,291.8599589,296.776082,301.6922051,,,,,,,,,,
591,279.2987457,284.7856485,289.1751707,293.564693,,,,,,,,,,
592,262.7903906,268.5421552,273.1435669,277.7449786,,,,,,,,,,
593,244.6191752,250.9958524,256.0971942,261.198536,,,,,,,,,,
594,229.3353626,236.4357916,242.1161348,247.796478,,,,,,,,,,
595,216.3340926,223.4575577,229.1563297,234.8551018,,,,,,,,,,
596,207.5112595,213.7679801,218.7733565,223.778733,,,,,,,,,,
597,199.8614085,206.530618,211.8659856,217.2013532,,,,,,,,,,
598,194.4983533,199.5243723,203.5451875,207.5660027,,,,,,,,,,
599,193.5853781,197.359105,200.3780866,203.3970681,,,,,,,,,,
600,199.6079116,202.8836921,205.5043165,208.1249409,,,,,,,,,,
601,218.441347,220.8498546,222.7766603,224.703466,,,,,,,,,,
602,226.8448744,228.8759557,230.5008202,232.1256847,,,,,,,,,,
603,225.572987,227.0758591,228.2781568,229.4804544,,,,,,,,,,
604,219.4024217,220.9020492,222.1017512,223.3014533,,,,,,,,,,
605,209.0453194,210.5464865,211.7474202,212.9483539,,,,,,,,,,
606,197.2535898,199.028165,200.4478252,201.8674854,,,,,,,,,,
607,189.3571485,192.2016896,194.4773225,196.7529555,,,,,,,,,,
608,185.0594208,189.6806758,193.3776797,197.0746836,,,,,,,,,,
609,184.2845783,190.2971406,195.1071904,199.9172402,,,,,,,,,,
610,184.5387477,191.5292716,197.1216907,202.7141099,,,,,,,,,,
611,187.828197,194.564854,199.9541797,205.3435053,,,,,,,,,,
612,198.944693,205.2889566,210.3643671,215.4397775,,,,,,,,,,
613,218.0408781,224.2387209,229.1969951,234.1552693,,,,,,,,,,
614,230.9758248,236.6642141,241.2149255,245.765637,,,,,,,,,,
615,226.2049791,231.7370725,236.1627473,240.588422,,,,,,,,,,
616,219.7839052,226.2967714,231.5070644,236.7173574,,,,,,,,,,
617,213.9475518,220.2340534,225.2632546,230.2924559,,,,,,,,,,
618,208.3402067,216.1035706,222.3142615,228.5249525,,,,,,,,,,
619,202.8076458,211.5136815,218.47851,225.4433385,,,,,,,,,,
620,198.0540017,204.9846096,210.5290958,216.0735821,,,,,,,,,,
621,194.0767523,200.3393221,205.3493779,210.3594337,,,,,,,,,,
622,191.3638095,196.5327762,200.6679496,204.803123,,,,,,,,,,
623,193.1732455,197.2627458,200.5343461,203.8059463,,,,,,,,,,
624,200.8503439,204.8786379,208.1012731,211.3239084,,,,,,,,,,
625,213.1868408,216.7252307,219.5559426,222.3866545,,,,,,,,,,
626,215.984832,218.6223081,220.7322891,222.8422698,,,,,,,,,,
627,212.6098627,214.6967841,216.3663212,218.0358583,,,,,,,,,,
628,205.2424628,206.7047158,207.8745184,209.0443208,,,,,,,,,,
629,194.4603319,195.942172,197.1276442,198.3131163,,,,,,,,,,
630,182.1159692,184.1635416,185.8015996,187.4396575,,,,,,,,,,
631,174.399224,177.395737,179.7929474,182.1901578,,,,,,,,,,
632,170.8337201,175.995011,180.1240438,184.2530766,,,,,,,,,,
633,171.3311847,177.4156428,182.2832094,187.1507758,,,,,,,,,,
634,171.7551355,178.861722,184.5469912,190.2322604,,,,,,,,,,
635,174.8642776,181.0876512,186.0663501,191.0450491,,,,,,,,,,
636,183.8096241,191.4393577,197.5431446,203.6469315,,,,,,,,,,
637,202.51827,209.0006431,214.1865415,219.3724399,,,,,,,,,,
638,215.6157222,221.6587494,226.4931711,231.3275928,,,,,,,,,,
639,215.5566186,221.0583774,225.4597844,229.8611914,,,,,,,,,,
640,215.4273724,221.431627,226.2350307,231.0384343,,,,,,,,,,
641,213.5639438,220.1293707,225.3817123,230.6340538,,,,,,,,,,
642,214.1846142,221.8318307,227.9496038,234.067377,,,,,,,,,,
643,213.2439593,221.6735375,228.4172,235.1608626,,,,,,,,,,
644,208.8726751,216.566059,222.7207662,228.8754733,,,,,,,,,,
645,206.9565703,213.7613414,219.2051582,224.6489751,,,,,,,,,,
646,205.0581689,210.4954947,214.8453553,219.195216,,,,,,,,,,
647,207.1174655,211.2522554,214.5600871,217.8679188,,,,,,,,,,
648,209.7184601,213.3467118,216.2493133,219.1519148,,,,,,,,,,
649,223.5393316,226.8651544,229.5258141,232.186473,,,,,,,,,,
650,229.0299622,231.6459654,233.738768,235.8315706,,,,,,,,,,
651,227.7808267,229.9640223,231.710574,233.4571283,,,,,,,,,,
652,221.0902741,222.8507523,224.2591349,225.6675175,,,,,,,,,,
653,211.0411812,212.6751975,213.9824105,215.2896234,,,,,,,,,,
654,201.383354,203.5723445,205.3235369,207.0747294,,,,,,,,,,
655,194.1501304,197.4618784,200.111281,202.7606813,,,,,,,,,,
656,191.6465895,197.5540301,202.2799753,207.0059245,,,,,,,,,,
657,191.8302017,199.2973361,205.2710437,211.2447512,,,,,,,,,,
658,192.5624864,200.193904,206.2990382,212.4041724,,,,,,,,,,
659,194.6747876,200.9720961,206.0099429,211.0477897,,,,,,,,,,
660,201.6431465,207.8830841,212.8750341,217.8669841,,,,,,,,,,
661,222.171118,228.6371268,233.8099355,238.9827433,,,,,,,,,,
662,237.2804784,243.710459,248.8544434,253.9984279,,,,,,,,,,
663,235.3769996,241.2028842,245.8635919,250.5242996,,,,,,,,,,
664,233.7644097,240.086825,245.1447119,250.202624,,,,,,,,,,
665,228.5269539,235.1445296,240.4385893,245.7326495,,,,,,,,,,
666,221.7765659,228.9655606,234.7168229,240.4680482,,,,,,,,,,
667,214.7049613,223.0315406,229.6928041,236.3540676,,,,,,,,,,
668,212.5318159,221.1425395,228.0311253,234.9197072,,,,,,,,,,
669,207.3581163,213.9058281,219.1439974,224.3821668,,,,,,,,,,
670,204.9775439,210.206228,214.3891745,218.5721212,,,,,,,,,,
671,205.2440236,209.0815121,212.1515028,215.2214936,,,,,,,,,,
672,207.398068,210.8404043,213.5943255,216.3482177,,,,,,,,,,
673,221.2806917,223.7215035,225.674153,227.6268025,,,,,,,,,,
674,230.3969552,232.3984328,233.9996149,235.600797,,,,,,,,,,
675,231.1087209,232.7851698,234.1263289,235.467488,,,,,,,,,,
676,226.4973731,228.0218648,229.2414581,230.4610515,,,,,,,,,,
677,218.5516932,220.0710767,221.2865835,222.5020903,,,,,,,,,,
678,208.6526588,210.0443667,211.1577331,212.2710994,,,,,,,,,,
679,203.1313565,204.956998,206.4175111,207.8780242,,,,,,,,,,
680,204.032684,206.2741923,208.0673991,209.8606058,,,,,,,,,,
681,204.3425828,207.2287466,209.5376776,211.8466086,,,,,,,,,,
682,206.4527003,210.4916861,213.7228747,216.9540633,,,,,,,,,,
683,211.595823,216.9466786,221.2273632,225.5080477,,,,,,,,,,
684,219.4593739,225.4507442,230.2438404,235.0369367,,,,,,,,,,
685,240.6918088,247.2627196,252.5194482,257.7761769,,,,,,,,,,
686,254.7780853,262.3211786,268.3556532,274.3901278,,,,,,,,,,
687,249.3193235,256.7896259,262.7658679,268.7421098,,,,,,,,,,
688,234.9695384,242.4640602,248.4596776,254.455295,,,,,,,,,,
689,221.0522396,228.2456261,234.0003353,239.7550445,,,,,,,,,,
690,207.528487,214.4556492,219.9973789,225.5391086,,,,,,,,,,
691,195.879504,201.6836773,206.327016,210.9703547,,,,,,,,,,
692,188.8334796,194.547155,199.1180952,203.6890355,,,,,,,,,,
693,187.3651834,193.1066183,197.6997663,202.2929142,,,,,,,,,,
694,182.8846173,187.9350756,191.9754422,196.0158089,,,,,,,,,,
695,182.128619,186.5224056,190.0374349,193.5524641,,,,,,,,,,
696,185.9491188,189.4408237,192.2341877,195.0275516,,,,,,,,,,
697,197.3944206,200.0884946,202.2437537,204.3990128,,,,,,,,,,
698,205.0180769,207.3194668,209.1605787,211.0016906,,,,,,,,,,
699,206.1003731,207.9833845,209.4897937,210.9962028,,,,,,,,,,
700,205.2338885,206.8621004,208.16467,209.4672396,,,,,,,,,,
701,201.18893,202.6361742,203.7939697,204.951765,,,,,,,,,,
702,194.8863162,196.4314347,197.6675296,198.9036244,,,,,,,,,,
703,189.4857859,191.0618893,192.322772,193.5836547,,,,,,,,,,
704,189.5567448,191.920421,193.811362,195.702303,,,,,,,,,,
705,190.7483404,194.2093934,196.9782357,199.747078,,,,,,,,,,
706,191.650654,195.8383636,199.1885313,202.538699,,,,,,,,,,
707,197.3933479,202.5501334,206.6755618,210.8009902,,,,,,,,,,
708,205.31791,211.1100702,215.7437984,220.3775265,,,,,,,,,,
709,213.4430501,219.6667954,224.6457917,229.624788,,,,,,,,,,
710,223.842626,231.0853365,236.8795048,242.6736731,,,,,,,,,,
711,228.3375793,235.1797636,240.6535112,246.1272586,,,,,,,,,,
712,220.4548254,226.6013702,231.5186062,236.4358421,,,,,,,,,,
713,206.1088521,212.5213014,217.6512609,222.7812203,,,,,,,,,,
714,192.6223837,199.4111702,204.8421994,210.2732286,,,,,,,,,,
715,180.9782769,187.3055909,192.3674423,197.4292934,,,,,,,,,,
716,174.9282677,181.533427,186.8175544,192.1016818,,,,,,,,,,
717,171.3940835,177.2649085,181.9615685,186.6582285,,,,,,,,,,
718,167.3903561,172.431853,176.4650506,180.4982481,,,,,,,,,,
719,164.0873134,168.6264656,172.2577873,175.8891091,,,,,,,,,,
720,165.5345012,169.9768752,173.5307744,177.0846735,,,,,,,,,,
721,178.8091817,188.7011898,196.6147962,204.5284026,,,,,,,,,,
722,184.1658584,191.7150312,197.7543694,203.7937079,,,,,,,,,,
723,183.4075259,187.2556033,190.3340653,193.4125273,,,,,,,,,,
724,180.569888,183.642582,186.1007373,188.5588925,,,,,,,,,,
725,176.0656386,178.6298206,180.6811662,182.7325118,,,,,,,,,,
726,171.4149624,173.591076,175.3319668,177.0728576,,,,,,,,,,
727,165.1062173,167.6337203,169.6557227,171.6777251,,,,,,,,,,
728,163.8980377,167.2196748,169.8769844,172.5342941,,,,,,,,,,
729,162.7517523,166.8829253,170.1878595,173.4927982,,,,,,,,,,
730,163.1372814,168.288309,172.4091311,176.5299532,,,,,,,,,,
731,165.1099976,170.3699169,174.5778526,178.7857882,,,,,,,,,,
732,166.8244633,172.8219121,177.6198712,182.4178303,,,,,,,,,,
733,171.7278903,177.6185209,182.3310255,187.043533,,,,,,,,,,
734,176.9807876,183.1646275,188.1116995,193.0588395,,,,,,,,,,
735,183.5264664,189.263459,193.8530555,198.4426507,,,,,,,,,,
736,186.9345607,193.5581953,198.8571031,204.1560108,,,,,,,,,,
737,183.0841249,189.803629,195.1792323,200.5548356,,,,,,,,,,
738,175.8354765,183.0783704,188.8726854,194.6670005,,,,,,,,,,
739,172.1625826,179.9631537,186.2036106,192.4440675,,,,,,,,,,
740,169.3726156,177.2899899,183.6238894,189.9577888,,,,,,,,,,
741,166.1981448,172.066784,176.7616901,181.4565992,,,,,,,,,,
742,163.6825503,168.8262262,172.9411669,177.0561076,,,,,,,,,,
743,163.8327221,167.559645,170.5411776,173.5227252,,,,,,,,,,
744,167.5612224,170.7580061,173.3154233,175.87286,,,,,,,,,,